date,last_updated_pt,game_pk,game_time_pt,game_status,inning,inning_half,outs,balls,strikes,home_away,team,opponent,player,player_id,position,lineup_spot,plate_appearances,at_bats,hits,singles,doubles,triples,home_runs,runs,rbi,walks,hit_by_pitch,stolen_bases,strikeouts,fantasy_score,team_runs,team_hits
2026-07-11,2026-07-11 08:25:16 PM PT,823357,9:05 AM PT,Final,9,Top,,,,Home,PIT,MIL,Esmerlyn Valdez,699013,RF,4,4,4,3,1,0,0,2,2,6,0,0,0,1,39,7,7
2026-07-11,2026-07-11 08:25:17 PM PT,822875,4:05 PM PT,Final,9,Bottom,,,,Home,TEX,HOU,Ezequiel Duran,677649,SS,6,4,4,2,0,0,0,2,2,3,0,0,0,2,30,3,7
2026-07-11,2026-07-11 08:25:18 PM PT,823276,5:40 PM PT,Top 8 | 0 out,8,Top,0,1,2,Away,TOR,SD,Vladimir Guerrero Jr.,665489,1B,3,4,3,2,1,0,0,1,1,3,1,0,1,1,28,7,6
2026-07-11,2026-07-11 08:25:17 PM PT,822875,4:05 PM PT,Final,9,Bottom,,,,Away,HOU,TEX,Yordan Alvarez,670541,LF,2,5,3,2,0,1,0,1,2,2,2,0,0,0,27,9,10
2026-07-11,2026-07-11 08:25:18 PM PT,823030,4:15 PM PT,Final,9,Top,,,,Home,STL,ATL,Lars Nootbaar,663457,LF,5,3,2,1,0,0,0,1,2,3,1,0,1,0,27,4,5
2026-07-11,2026-07-11 08:25:17 PM PT,823603,1:10 PM PT,Final,9,Bottom,,,,Away,BOS,NYM,Andruw Monasterio,655316,SS,6,4,3,2,0,0,1,1,1,2,0,0,0,0,24,4,6
2026-07-11,2026-07-11 08:25:17 PM PT,824813,4:05 PM PT,Final,9,Top,,,,Home,BAL,KC,Pete Alonso,624413,1B,4,4,4,2,0,1,0,1,2,2,0,0,0,2,23,6,6
2026-07-11,2026-07-11 08:25:16 PM PT,823682,11:10 AM PT,Final,9,Top,,,,Home,MIN,LAA,Royce Lewis,668904,1B,5,4,4,2,0,1,0,1,2,2,0,0,0,1,23,5,9
2026-07-11,2026-07-11 08:25:18 PM PT,823276,5:40 PM PT,Top 8 | 0 out,8,Top,0,1,2,Home,SD,TOR,Ty France,664034,1B,6,4,2,2,1,0,0,1,2,2,0,1,0,0,23,8,7
2026-07-11,2026-07-11 08:25:17 PM PT,822953,1:10 PM PT,Final,9,Top,,,,Home,TB,SEA,Ben Williamson,810938,SS,7,4,4,4,3,1,0,0,1,1,0,0,1,0,23,6,12
2026-07-11,2026-07-11 08:25:17 PM PT,824249,3:10 PM PT,Final,9,Bottom,,,,Away,PHI,DET,Derek Hill,656537,CF,9,3,3,1,1,0,0,0,1,1,0,0,3,0,22,4,7
2026-07-11,2026-07-11 08:25:18 PM PT,823276,5:40 PM PT,Top 8 | 0 out,8,Top,0,1,2,Away,TOR,SD,Jonatan Clase,682729,LF,9,3,1,1,0,0,0,1,2,2,2,0,0,0,22,7,6
2026-07-11,2026-07-11 08:25:17 PM PT,823844,1:10 PM PT,Final,9,Bottom,,,,Away,CLE,MIA,Gabriel Arias,672356,3B,6,4,4,3,3,0,0,0,1,0,0,0,2,1,21,4,11
2026-07-11,2026-07-11 08:25:17 PM PT,822711,1:05 PM PT,Final,9,Bottom,,,,Away,NYY,WSH,Ryan McMahon,641857,3B,1 (Sub),4,3,1,0,0,0,1,1,1,1,0,1,0,21,4,9
2026-07-11,2026-07-11 08:25:17 PM PT,822875,4:05 PM PT,Final,9,Bottom,,,,Away,HOU,TEX,LaMonte Wade Jr.,664774,RF,6,4,4,1,0,0,0,1,1,4,0,0,0,2,20,9,10
2026-07-11,2026-07-11 08:25:18 PM PT,823276,5:40 PM PT,Top 8 | 0 out,8,Top,0,1,2,Home,SD,TOR,Jake Cronenworth,630105,2B,7,4,4,2,2,0,0,0,1,1,0,0,2,0,20,8,7
2026-07-11,2026-07-11 08:25:17 PM PT,822711,1:05 PM PT,Final,9,Bottom,,,,Home,WSH,NYY,James Wood,695578,RF,1,5,5,3,2,0,0,1,1,1,0,0,0,1,20,2,7
2026-07-11,2026-07-11 08:25:18 PM PT,824492,4:10 PM PT,Final,9,Bottom,,,,Home,CIN,CHC,Eugenio Suárez,553993,DH,6,4,3,2,1,0,0,1,1,1,1,0,0,1,19,3,11
2026-07-11,2026-07-11 08:25:17 PM PT,822711,1:05 PM PT,Final,9,Bottom,,,,Away,NYY,WSH,Trent Grisham,663757,CF,3,4,4,2,1,0,0,1,1,2,0,0,0,1,19,4,9
2026-07-11,2026-07-11 08:25:17 PM PT,822711,1:05 PM PT,Final,9,Bottom,,,,Home,WSH,NYY,Curtis Mead,678554,1B,3,4,3,2,1,0,0,1,1,1,1,0,0,0,19,2,7
2026-07-11,2026-07-11 08:25:18 PM PT,823926,6:10 PM PT,Bottom 7 | 0 out,7,Bottom,0,1,2,Away,ARI,LAD,James McCann,543510,C,8,3,3,1,0,0,0,1,1,3,0,0,0,1,18,7,5
2026-07-11,2026-07-11 08:25:17 PM PT,824813,4:05 PM PT,Final,9,Top,,,,Home,BAL,KC,Taylor Ward,621493,LF,3,4,3,1,0,0,0,1,2,1,1,0,0,1,18,6,6
2026-07-11,2026-07-11 08:25:17 PM PT,823603,1:10 PM PT,Final,9,Bottom,,,,Away,BOS,NYM,Masataka Yoshida,807799,DH,5,4,3,1,0,0,0,1,1,2,1,0,0,0,18,4,6
2026-07-11,2026-07-11 08:25:18 PM PT,824492,4:10 PM PT,Final,9,Bottom,,,,Away,CHC,CIN,Alex Bregman,608324,3B,3,5,4,1,0,0,0,1,1,2,1,0,0,0,18,5,9
2026-07-11,2026-07-11 08:25:16 PM PT,823357,9:05 AM PT,Final,9,Top,,,,Away,MIL,PIT,Jake Bauers,641343,1B,5,4,3,1,0,0,0,1,1,2,1,0,0,1,18,6,9
2026-07-11,2026-07-11 08:25:17 PM PT,823198,1:05 PM PT,Final,9,Top,,,,Home,SF,COL,Casey Schmitt,669477,3B,3,4,4,1,0,0,0,1,1,3,0,0,0,1,18,4,7
2026-07-11,2026-07-11 08:25:17 PM PT,822953,1:10 PM PT,Final,9,Top,,,,Home,TB,SEA,Ryan Vilade,668723,PH,4 (Sub),1,1,1,0,0,0,1,1,3,0,0,0,0,18,6,12
2026-07-11,2026-07-11 08:25:18 PM PT,824492,4:10 PM PT,Final,9,Bottom,,,,Away,CHC,CIN,Carson Kelly,608348,DH,4,4,4,2,1,0,0,1,1,1,0,0,0,1,17,5,9
2026-07-11,2026-07-11 08:25:18 PM PT,824492,4:10 PM PT,Final,9,Bottom,,,,Home,CIN,CHC,Nathaniel Lowe,663993,1B,5,4,4,2,1,0,0,1,1,1,0,0,0,0,17,3,11
2026-07-11,2026-07-11 08:25:17 PM PT,824249,3:10 PM PT,Final,9,Bottom,,,,Home,DET,PHI,Eduardo Valencia,680664,C,6,4,4,2,1,0,0,1,1,1,0,0,0,0,17,2,10
2026-07-11,2026-07-11 08:25:17 PM PT,822953,1:10 PM PT,Final,9,Top,,,,Home,TB,SEA,Jonathan Aranda,666018,1B,2,4,4,3,1,2,0,0,1,1,0,0,0,1,17,6,12
2026-07-11,2026-07-11 08:25:17 PM PT,822875,4:05 PM PT,Final,9,Bottom,,,,Away,HOU,TEX,Christian Vázquez,543877,C,9,4,3,1,0,0,0,1,1,1,1,0,0,0,16,9,10
2026-07-11,2026-07-11 08:25:16 PM PT,823357,9:05 AM PT,Final,9,Top,,,,Away,MIL,PIT,Sal Frelick,686217,RF,8,4,4,1,0,0,0,1,1,2,0,0,0,1,16,6,9
2026-07-11,2026-07-11 08:25:16 PM PT,823356,1:05 PM PT,Final,9,Top,,,,Home,PIT,MIL,Esmerlyn Valdez,699013,RF,4,4,4,1,0,0,0,1,1,2,0,0,0,2,16,3,7
2026-07-11,2026-07-11 08:25:18 PM PT,823276,5:40 PM PT,Top 8 | 0 out,8,Top,0,1,2,Home,SD,TOR,Sung-Mun Song,823550,3B,9,4,3,1,1,0,0,0,1,2,1,0,1,0,16,8,7
2026-07-11,2026-07-11 08:25:17 PM PT,822953,1:10 PM PT,Final,9,Top,,,,Home,TB,SEA,Junior Caminero,691406,3B,3,4,2,1,0,1,0,0,1,0,2,0,1,1,16,6,12
2026-07-11,2026-07-11 08:25:16 PM PT,823682,11:10 AM PT,Final,9,Top,,,,Away,LAA,MIN,Zach Neto,687263,SS,1,5,5,2,2,0,0,0,2,0,0,0,1,0,15,3,10
2026-07-11,2026-07-11 08:25:17 PM PT,823844,1:10 PM PT,Final,9,Bottom,,,,Home,MIA,CLE,Liam Hicks,689414,DH,1,4,3,2,2,0,0,0,0,1,1,0,1,0,15,1,7
2026-07-11,2026-07-11 08:25:16 PM PT,823356,1:05 PM PT,Final,9,Top,,,,Away,MIL,PIT,Jackson Chourio,694192,LF,2,5,5,1,1,0,0,0,1,0,0,0,2,2,15,2,7
2026-07-11,2026-07-11 08:25:18 PM PT,823926,6:10 PM PT,Bottom 7 | 0 out,7,Bottom,0,1,2,Away,ARI,LAD,Tim Tawa,694374,1B,6,4,4,2,1,1,0,0,1,2,0,0,0,1,14,7,5
2026-07-11,2026-07-11 08:25:18 PM PT,823030,4:15 PM PT,Final,9,Top,,,,Away,ATL,STL,Mauricio Dubón,643289,LF,5,4,4,1,0,0,0,1,1,1,0,0,0,1,14,1,6
2026-07-11,2026-07-11 08:25:17 PM PT,824813,4:05 PM PT,Final,9,Top,,,,Home,BAL,KC,Gunnar Henderson,683002,SS,1,4,4,1,0,0,0,1,1,1,0,0,0,1,14,6,6
2026-07-11,2026-07-11 08:25:17 PM PT,824813,4:05 PM PT,Final,9,Top,,,,Home,BAL,KC,Coby Mayo,691723,3B,7,3,3,1,0,0,0,1,1,1,0,0,0,1,14,6,6
2026-07-11,2026-07-11 08:25:18 PM PT,824492,4:10 PM PT,Final,9,Bottom,,,,Home,CIN,CHC,JJ Bleday,668709,LF,3,4,4,1,0,0,0,1,1,1,0,0,0,1,14,3,11
2026-07-11,2026-07-11 08:25:17 PM PT,823844,1:10 PM PT,Final,9,Bottom,,,,Away,CLE,MIA,Steven Kwan,680757,LF,9,4,4,1,0,1,0,0,0,2,0,0,1,0,14,4,11
2026-07-11,2026-07-11 08:25:17 PM PT,823198,1:05 PM PT,Final,9,Top,,,,Away,COL,SF,Kyle Karros,691720,3B,5,4,4,1,0,0,0,1,1,1,0,0,0,0,14,2,6
2026-07-11,2026-07-11 08:25:17 PM PT,822875,4:05 PM PT,Final,9,Bottom,,,,Away,HOU,TEX,Isaac Paredes,670623,3B,3,5,4,2,1,1,0,0,2,0,1,0,0,1,14,9,10
2026-07-11,2026-07-11 08:25:17 PM PT,822711,1:05 PM PT,Final,9,Bottom,,,,Away,NYY,WSH,Paul Goldschmidt,502671,1B,4,4,4,1,0,0,0,1,1,1,0,0,0,1,14,4,9
2026-07-11,2026-07-11 08:25:16 PM PT,823356,1:05 PM PT,Final,9,Top,,,,Home,PIT,MIL,Bryan Reynolds,668804,RF,3,4,3,2,1,1,0,0,1,1,1,0,0,0,14,3,7
2026-07-11,2026-07-11 08:25:18 PM PT,823926,6:10 PM PT,Bottom 7 | 0 out,7,Bottom,0,1,2,Away,ARI,LAD,Geraldo Perdomo,672695,SS,2,4,2,0,0,0,0,0,2,0,1,1,1,0,13,7,5
2026-07-11,2026-07-11 08:25:18 PM PT,824492,4:10 PM PT,Final,9,Bottom,,,,Away,CHC,CIN,Michael Busch,683737,1B,5,4,4,3,2,1,0,0,1,0,0,0,0,0,13,5,9
2026-07-11,2026-07-11 08:25:18 PM PT,824492,4:10 PM PT,Final,9,Bottom,,,,Home,CIN,CHC,Elly De La Cruz,682829,SS,1,5,4,2,2,0,0,0,0,0,1,0,1,1,13,3,11
2026-07-11,2026-07-11 08:25:17 PM PT,824249,3:10 PM PT,Final,9,Bottom,,,,Home,DET,PHI,Matt Vierling,663837,CF,1,4,3,3,3,0,0,0,1,0,1,0,0,0,13,2,10
2026-07-11,2026-07-11 08:25:16 PM PT,823682,11:10 AM PT,Final,9,Top,,,,Away,LAA,MIN,Jorge Soler,624585,DH,4,5,3,1,0,1,0,0,0,2,2,0,0,1,13,3,10
2026-07-11,2026-07-11 08:25:16 PM PT,823682,11:10 AM PT,Final,9,Top,,,,Away,LAA,MIN,Wade Meckler,685133,LF,7,4,4,2,1,1,0,0,0,0,0,0,1,1,13,3,10
2026-07-11,2026-07-11 08:25:16 PM PT,823682,11:10 AM PT,Final,9,Top,,,,Home,MIN,LAA,Victor Caratini,605170,C,6,3,2,1,0,1,0,0,2,1,1,0,0,0,13,5,9
2026-07-11,2026-07-11 08:25:17 PM PT,824249,3:10 PM PT,Final,9,Bottom,,,,Away,PHI,DET,Bryson Stott,681082,2B,6,4,4,2,2,0,0,0,1,0,0,0,1,1,13,4,7
2026-07-11,2026-07-11 08:25:17 PM PT,823603,1:10 PM PT,Final,9,Bottom,,,,Away,BOS,NYM,Caleb Durbin,702332,3B,4,4,3,2,2,0,0,0,2,0,1,0,0,1,12,4,6
2026-07-11,2026-07-11 08:25:16 PM PT,823682,11:10 AM PT,Final,9,Top,,,,Away,LAA,MIN,Nolan Schanuel,694384,1B,3,5,4,2,1,1,0,0,0,1,1,0,0,0,12,3,10
2026-07-11,2026-07-11 08:25:16 PM PT,823357,9:05 AM PT,Final,9,Top,,,,Away,MIL,PIT,William Contreras,661388,C,4,5,5,2,1,1,0,0,1,1,0,0,0,1,12,6,9
2026-07-11,2026-07-11 08:25:16 PM PT,823357,9:05 AM PT,Final,9,Top,,,,Away,MIL,PIT,Cooper Pratt,806198,SS,7,4,4,2,1,1,0,0,1,1,0,0,0,1,12,6,9
2026-07-11,2026-07-11 08:25:18 PM PT,823276,5:40 PM PT,Top 8 | 0 out,8,Top,0,1,2,Away,TOR,SD,Alejandro Kirk,672386,C,7,4,4,2,1,1,0,0,1,1,0,0,0,0,12,7,6
2026-07-11,2026-07-11 08:25:18 PM PT,823926,6:10 PM PT,Bottom 7 | 0 out,7,Bottom,0,1,2,Away,ARI,LAD,Gabriel Moreno,672515,DH,4,4,2,1,1,0,0,0,2,0,2,0,0,1,11,7,5
2026-07-11,2026-07-11 08:25:16 PM PT,824576,11:10 AM PT,Final,9,Top,,,,Away,ATH,CWS,Jacob Wilson,805779,SS,1,4,4,2,1,0,1,0,0,0,0,0,0,0,11,0,4
2026-07-11,2026-07-11 08:25:17 PM PT,824249,3:10 PM PT,Final,9,Bottom,,,,Away,PHI,DET,J.T. Realmuto,592663,C,7,4,4,1,0,1,0,0,1,2,0,0,0,1,11,4,7
2026-07-11,2026-07-11 08:25:18 PM PT,823276,5:40 PM PT,Top 8 | 0 out,8,Top,0,1,2,Home,SD,TOR,Jackson Merrill,701538,CF,2,4,2,1,1,0,0,0,2,0,2,0,0,0,11,8,7
2026-07-11,2026-07-11 08:25:17 PM PT,823844,1:10 PM PT,Final,9,Bottom,,,,Away,CLE,MIA,Petey Halpin,690984,CF,7,4,4,1,1,0,0,0,1,0,0,0,1,3,10,4,11
2026-07-11,2026-07-11 08:25:16 PM PT,824576,11:10 AM PT,Final,9,Top,,,,Home,CWS,ATH,Chase Meidroth,805367,2B,5,3,3,2,1,1,0,0,0,1,0,0,0,0,10,1,5
2026-07-11,2026-07-11 08:25:16 PM PT,823682,11:10 AM PT,Final,9,Top,,,,Away,LAA,MIN,Mike Trout,545361,CF,2,5,5,2,1,1,0,0,1,0,0,0,0,1,10,3,10
2026-07-11,2026-07-11 08:25:18 PM PT,823926,6:10 PM PT,Bottom 7 | 0 out,7,Bottom,0,1,2,Home,LAD,ARI,Andy Pages,681624,CF,2,3,3,2,2,0,0,0,1,1,0,0,0,0,10,2,6
2026-07-11,2026-07-11 08:25:16 PM PT,823356,1:05 PM PT,Final,9,Top,,,,Away,MIL,PIT,Joey Ortiz,687401,3B,9,3,3,2,1,1,0,0,1,0,0,0,0,0,10,2,7
2026-07-11,2026-07-11 08:25:17 PM PT,822711,1:05 PM PT,Final,9,Bottom,,,,Away,NYY,WSH,Ben Rice,700250,DH,2,4,2,2,2,0,0,0,0,0,2,0,0,0,10,4,9
2026-07-11,2026-07-11 08:25:16 PM PT,823356,1:05 PM PT,Final,9,Top,,,,Home,PIT,MIL,Brandon Lowe,664040,2B,2,4,4,2,1,1,0,0,1,0,0,0,0,2,10,3,7
2026-07-11,2026-07-11 08:25:18 PM PT,823276,5:40 PM PT,Top 8 | 0 out,8,Top,0,1,2,Away,TOR,SD,Ernie Clement,676391,2B,1,4,3,1,1,0,0,0,0,0,1,0,1,0,10,7,6
2026-07-11,2026-07-11 08:25:18 PM PT,824492,4:10 PM PT,Final,9,Bottom,,,,Away,CHC,CIN,Seiya Suzuki,673548,RF,2,5,4,1,1,0,0,0,1,1,1,0,0,1,9,5,9
2026-07-11,2026-07-11 08:25:18 PM PT,824492,4:10 PM PT,Final,9,Bottom,,,,Away,CHC,CIN,Ian Happ,664023,LF,7,4,3,1,0,1,0,0,0,1,1,0,0,0,9,5,9
2026-07-11,2026-07-11 08:25:17 PM PT,823844,1:10 PM PT,Final,9,Bottom,,,,Away,CLE,MIA,Patrick Bailey,672275,C,8,4,4,1,0,1,0,0,0,2,0,0,0,2,9,4,11
2026-07-11,2026-07-11 08:25:16 PM PT,823357,9:05 AM PT,Final,9,Top,,,,Away,MIL,PIT,Garrett Mitchell,669003,CF,2,4,3,1,0,1,0,0,1,0,1,0,0,2,9,6,9
2026-07-11,2026-07-11 08:25:16 PM PT,823356,1:05 PM PT,Final,9,Top,,,,Away,MIL,PIT,Brice Turang,668930,2B,3,5,5,1,0,1,0,0,0,2,0,0,0,1,9,2,7
2026-07-11,2026-07-11 08:25:16 PM PT,823356,1:05 PM PT,Final,9,Top,,,,Away,MIL,PIT,Jake Bauers,641343,1B,4,4,2,0,0,0,0,0,0,0,2,0,1,2,9,2,7
2026-07-11,2026-07-11 08:25:16 PM PT,823357,9:05 AM PT,Final,9,Top,,,,Away,MIL,PIT,Luis Lara,800325,LF,6,4,3,1,0,1,0,0,1,0,1,0,0,0,9,6,9
2026-07-11,2026-07-11 08:25:16 PM PT,823357,9:05 AM PT,Final,9,Top,,,,Home,PIT,MIL,Jake Mangum,663968,LF,1,4,3,1,1,0,0,0,2,0,0,1,0,0,9,7,7
2026-07-11,2026-07-11 08:25:16 PM PT,823357,9:05 AM PT,Final,9,Top,,,,Home,PIT,MIL,Henry Davis,680779,C,9,4,2,1,1,0,0,0,1,0,2,0,0,0,9,7,7
2026-07-11,2026-07-11 08:25:16 PM PT,824576,11:10 AM PT,Final,9,Top,,,,Away,ATH,CWS,Joshua Kuroda-Grauer,811965,3B,5,4,4,2,1,1,0,0,0,0,0,0,0,0,8,0,4
2026-07-11,2026-07-11 08:25:16 PM PT,824576,11:10 AM PT,Final,9,Top,,,,Home,CWS,ATH,Luisangel Acuña,682668,SS,7,3,3,2,1,1,0,0,0,0,0,0,0,1,8,1,5
2026-07-11,2026-07-11 08:25:17 PM PT,823603,1:10 PM PT,Final,9,Bottom,,,,Home,NYM,BOS,Francisco Alvarez,682626,C,7,4,3,2,2,0,0,0,0,0,1,0,0,1,8,0,3
2026-07-11,2026-07-11 08:25:17 PM PT,824249,3:10 PM PT,Final,9,Bottom,,,,Away,PHI,DET,Bryce Harper,547180,1B,3,4,4,2,1,1,0,0,0,0,0,0,0,0,8,4,7
2026-07-11,2026-07-11 08:25:18 PM PT,823276,5:40 PM PT,Top 8 | 0 out,8,Top,0,1,2,Home,SD,TOR,Gavin Sheets,657757,LF,5,4,2,0,0,0,0,0,1,1,2,0,0,1,8,8,7
2026-07-11,2026-07-11 08:25:17 PM PT,823198,1:05 PM PT,Final,9,Top,,,,Home,SF,COL,Luis Arraez,650333,2B,2,4,4,2,2,0,0,0,1,0,0,0,0,1,8,4,7
2026-07-11,2026-07-11 08:25:18 PM PT,823030,4:15 PM PT,Final,9,Top,,,,Home,STL,ATL,Bryan Torres,663494,DH,7,3,3,1,0,0,1,0,0,0,0,0,0,1,8,4,5
2026-07-11,2026-07-11 08:25:18 PM PT,823926,6:10 PM PT,Bottom 7 | 0 out,7,Bottom,0,1,2,Away,ARI,LAD,Max Kepler,596146,LF,5,4,2,1,1,0,0,0,0,2,0,0,0,1,7,7,5
2026-07-11,2026-07-11 08:25:17 PM PT,823844,1:10 PM PT,Final,9,Bottom,,,,Away,CLE,MIA,Kyle Manzardo,700932,1B,4,4,3,1,1,0,0,0,1,0,0,1,0,1,7,4,11
2026-07-11,2026-07-11 08:25:17 PM PT,823844,1:10 PM PT,Final,9,Bottom,,,,Away,CLE,MIA,Kahlil Watson,696135,RF,5,4,4,1,0,1,0,0,1,0,0,0,0,1,7,4,11
2026-07-11,2026-07-11 08:25:17 PM PT,823198,1:05 PM PT,Final,9,Top,,,,Away,COL,SF,Brett Sullivan,664954,C,9,3,3,1,0,1,0,0,1,0,0,0,0,0,7,2,6
2026-07-11,2026-07-11 08:25:17 PM PT,822875,4:05 PM PT,Final,9,Bottom,,,,Away,HOU,TEX,Jeremy Peña,665161,SS,1,5,4,1,1,0,0,0,1,0,0,1,0,0,7,9,10
2026-07-11,2026-07-11 08:25:17 PM PT,822875,4:05 PM PT,Final,9,Bottom,,,,Away,HOU,TEX,Christian Walker,572233,1B,4,5,5,1,0,1,0,0,1,0,0,0,0,4,7,9,10
2026-07-11,2026-07-11 08:25:18 PM PT,823926,6:10 PM PT,Bottom 7 | 0 out,7,Bottom,0,1,2,Home,LAD,ARI,Tommy Edman,669242,2B,9,2,2,1,0,1,0,0,1,0,0,0,0,1,7,2,6
2026-07-11,2026-07-11 08:25:17 PM PT,823844,1:10 PM PT,Final,9,Bottom,,,,Home,MIA,CLE,Joe Mack,691788,C,8,4,4,1,0,1,0,0,1,0,0,0,0,0,7,1,7
2026-07-11,2026-07-11 08:25:16 PM PT,823356,1:05 PM PT,Final,9,Top,,,,Away,MIL,PIT,Christian Yelich,592885,DH,1,5,3,1,1,0,0,0,0,0,1,1,0,2,7,2,7
2026-07-11,2026-07-11 08:25:16 PM PT,823682,11:10 AM PT,Final,9,Top,,,,Home,MIN,LAA,Alan Roden,702176,RF,7,3,2,1,1,0,0,0,0,1,1,0,0,0,7,5,9
2026-07-11,2026-07-11 08:25:17 PM PT,823603,1:10 PM PT,Final,9,Bottom,,,,Home,NYM,BOS,Carson Benge,701807,RF,4,4,3,0,0,0,0,0,0,0,1,0,1,2,7,0,3
2026-07-11,2026-07-11 08:25:18 PM PT,823276,5:40 PM PT,Top 8 | 0 out,8,Top,0,1,2,Home,SD,TOR,Manny Machado,592518,DH,4,4,4,1,1,0,0,0,0,2,0,0,0,1,7,8,7
2026-07-11,2026-07-11 08:25:17 PM PT,822953,1:10 PM PT,Final,9,Top,,,,Away,SEA,TB,Randy Arozarena,668227,LF,2,4,2,1,1,0,0,0,0,0,2,0,0,0,7,1,6
2026-07-11,2026-07-11 08:25:17 PM PT,822953,1:10 PM PT,Final,9,Top,,,,Away,SEA,TB,Cal Raleigh,663728,C,4,4,2,1,1,0,0,0,0,0,2,0,0,1,7,1,6
2026-07-11,2026-07-11 08:25:17 PM PT,822953,1:10 PM PT,Final,9,Top,,,,Away,SEA,TB,Cole Young,702284,2B,7,4,4,1,0,1,0,0,1,0,0,0,0,1,7,1,6
2026-07-11,2026-07-11 08:25:17 PM PT,823198,1:05 PM PT,Final,9,Top,,,,Home,SF,COL,Bryce Eldridge,805811,DH,6,3,3,1,0,1,0,0,1,0,0,0,0,2,7,4,7
2026-07-11,2026-07-11 08:25:17 PM PT,823198,1:05 PM PT,Final,9,Top,,,,Home,SF,COL,Jesus Rodriguez,683679,C,8,3,3,1,0,1,0,0,0,1,0,0,0,0,7,4,7
2026-07-11,2026-07-11 08:25:17 PM PT,822953,1:10 PM PT,Final,9,Top,,,,Home,TB,SEA,Yandy Díaz,650490,DH,1,5,5,1,0,1,0,0,1,0,0,0,0,0,7,6,12
2026-07-11,2026-07-11 08:25:16 PM PT,824576,11:10 AM PT,Final,9,Top,,,,Away,ATH,CWS,Lawrence Butler,671732,RF,6,4,1,0,0,0,0,0,0,0,3,0,0,0,6,0,4
2026-07-11,2026-07-11 08:25:18 PM PT,824492,4:10 PM PT,Final,9,Bottom,,,,Home,CIN,CHC,TJ Friedl,670770,CF,9,3,3,2,2,0,0,0,0,0,0,0,0,0,6,3,11
2026-07-11,2026-07-11 08:25:17 PM PT,823844,1:10 PM PT,Final,9,Bottom,,,,Away,CLE,MIA,Brayan Rocchio,677587,SS,2,5,5,2,2,0,0,0,0,0,0,0,0,0,6,4,11
2026-07-11,2026-07-11 08:25:17 PM PT,823198,1:05 PM PT,Final,9,Top,,,,Away,COL,SF,Mickey Moniak,666160,LF,2,4,4,2,2,0,0,0,0,0,0,0,0,2,6,2,6
2026-07-11,2026-07-11 08:25:17 PM PT,824249,3:10 PM PT,Final,9,Bottom,,,,Home,DET,PHI,Hao-Yu Lee,701678,2B,7,3,3,2,2,0,0,0,0,0,0,0,0,0,6,2,10
2026-07-11,2026-07-11 08:25:18 PM PT,823276,5:40 PM PT,Top 8 | 0 out,8,Top,0,1,2,Home,SD,TOR,Fernando Tatis Jr.,665487,RF,1,5,3,0,0,0,0,0,1,0,2,0,0,1,6,8,7
2026-07-11,2026-07-11 08:25:17 PM PT,822875,4:05 PM PT,Final,9,Bottom,,,,Home,TEX,HOU,Evan Carter,694497,CF,7,4,4,2,2,0,0,0,0,0,0,0,0,1,6,3,7
2026-07-11,2026-07-11 08:25:18 PM PT,823030,4:15 PM PT,Final,9,Top,,,,Away,ATL,STL,Drake Baldwin,686948,DH,4,4,3,1,1,0,0,0,0,0,1,0,0,0,5,1,6
2026-07-11,2026-07-11 08:25:18 PM PT,823030,4:15 PM PT,Final,9,Top,,,,Away,ATL,STL,Eli White,642201,RF,7,3,3,1,0,1,0,0,0,0,0,0,0,0,5,1,6
2026-07-11,2026-07-11 08:25:17 PM PT,824813,4:05 PM PT,Final,9,Top,,,,Home,BAL,KC,Samuel Basallo,694212,DH,5,3,3,1,1,0,0,0,0,1,0,0,0,1,5,6,6
2026-07-11,2026-07-11 08:25:17 PM PT,823603,1:10 PM PT,Final,9,Bottom,,,,Away,BOS,NYM,Ceddanne Rafaela,678882,CF,2,5,5,1,0,1,0,0,0,0,0,0,0,2,5,4,6
2026-07-11,2026-07-11 08:25:18 PM PT,824492,4:10 PM PT,Final,9,Bottom,,,,Away,CHC,CIN,Miguel Amaya,665804,C,9,4,4,1,1,0,0,0,1,0,0,0,0,1,5,5,9
2026-07-11,2026-07-11 08:25:17 PM PT,823198,1:05 PM PT,Final,9,Top,,,,Away,COL,SF,Hunter Goodman,696100,DH,3,4,4,1,0,1,0,0,0,0,0,0,0,1,5,2,6
2026-07-11,2026-07-11 08:25:16 PM PT,824576,11:10 AM PT,Final,9,Top,,,,Home,CWS,ATH,Randal Grichuk,545341,LF,1,4,4,1,0,1,0,0,0,0,0,0,0,1,5,1,5
2026-07-11,2026-07-11 08:25:17 PM PT,824249,3:10 PM PT,Final,9,Bottom,,,,Home,DET,PHI,Dillon Dingler,693307,DH,3,4,3,1,1,0,0,0,0,0,0,1,0,1,5,2,10
2026-07-11,2026-07-11 08:25:17 PM PT,822875,4:05 PM PT,Final,9,Bottom,,,,Away,HOU,TEX,Jose Altuve,514888,2B,5,4,4,1,1,0,0,0,1,0,0,0,0,0,5,9,10
2026-07-11,2026-07-11 08:25:17 PM PT,822875,4:05 PM PT,Final,9,Bottom,,,,Away,HOU,TEX,Yainer Diaz,673237,DH,7,4,4,1,0,1,0,0,0,0,0,0,0,0,5,9,10
2026-07-11,2026-07-11 08:25:17 PM PT,824813,4:05 PM PT,Final,9,Top,,,,Away,KC,BAL,Jac Caglianone,695506,RF,3,4,4,1,1,0,0,0,1,0,0,0,0,0,5,1,2
2026-07-11,2026-07-11 08:25:18 PM PT,823926,6:10 PM PT,Bottom 7 | 0 out,7,Bottom,0,1,2,Home,LAD,ARI,Mookie Betts,605141,SS,4,3,3,1,1,0,0,0,0,1,0,0,0,0,5,2,6
2026-07-11,2026-07-11 08:25:17 PM PT,823844,1:10 PM PT,Final,9,Bottom,,,,Home,MIA,CLE,Kyle Stowers,669065,1B,3,4,3,1,1,0,0,0,0,0,1,0,0,0,5,1,7
2026-07-11,2026-07-11 08:25:17 PM PT,823844,1:10 PM PT,Final,9,Bottom,,,,Home,MIA,CLE,Heriberto Hernández,681715,LF,5,4,4,1,0,1,0,0,0,0,0,0,0,1,5,1,7
2026-07-11,2026-07-11 08:25:16 PM PT,823356,1:05 PM PT,Final,9,Top,,,,Away,MIL,PIT,Luis Lara,800325,RF,7,4,3,1,1,0,0,0,0,0,1,0,0,1,5,2,7
2026-07-11,2026-07-11 08:25:16 PM PT,823682,11:10 AM PT,Final,9,Top,,,,Home,MIN,LAA,Josh Bell,605137,DH,3,4,4,1,0,1,0,0,0,0,0,0,0,0,5,5,9
2026-07-11,2026-07-11 08:25:16 PM PT,823682,11:10 AM PT,Final,9,Top,,,,Home,MIN,LAA,Luke Keaschall,807712,CF,9,3,2,1,1,0,0,0,0,1,0,0,0,0,5,5,9
2026-07-11,2026-07-11 08:25:17 PM PT,822711,1:05 PM PT,Final,9,Bottom,,,,Away,NYY,WSH,Cody Bellinger,641355,LF,5,4,4,1,0,1,0,0,0,0,0,0,0,0,5,4,9
2026-07-11,2026-07-11 08:25:16 PM PT,823357,9:05 AM PT,Final,9,Top,,,,Home,PIT,MIL,Brandon Lowe,664040,2B,2,4,4,1,1,0,0,0,1,0,0,0,0,1,5,7,7
2026-07-11,2026-07-11 08:25:16 PM PT,823357,9:05 AM PT,Final,9,Top,,,,Home,PIT,MIL,Nick Gonzales,693304,3B,6,4,3,1,1,0,0,0,0,0,1,0,0,1,5,7,7
2026-07-11,2026-07-11 08:25:17 PM PT,822953,1:10 PM PT,Final,9,Top,,,,Away,SEA,TB,Josh Naylor,647304,1B,5,4,4,1,0,1,0,0,0,0,0,0,0,2,5,1,6
2026-07-11,2026-07-11 08:25:17 PM PT,822953,1:10 PM PT,Final,9,Top,,,,Away,SEA,TB,Victor Robles,645302,CF,8,3,2,1,0,1,0,0,0,0,0,0,0,0,5,1,6
2026-07-11,2026-07-11 08:25:17 PM PT,823198,1:05 PM PT,Final,9,Top,,,,Home,SF,COL,Heliot Ramos,671218,LF,1,4,4,1,1,0,0,0,1,0,0,0,0,0,5,4,7
2026-07-11,2026-07-11 08:25:18 PM PT,823030,4:15 PM PT,Final,9,Top,,,,Home,STL,ATL,Iván Herrera,671056,C,2,4,4,1,1,0,0,0,1,0,0,0,0,0,5,4,5
2026-07-11,2026-07-11 08:25:18 PM PT,823030,4:15 PM PT,Final,9,Top,,,,Home,STL,ATL,Jordan Walker,691023,RF,4,3,3,1,1,0,0,0,1,0,0,0,0,0,5,4,5
2026-07-11,2026-07-11 08:25:18 PM PT,823030,4:15 PM PT,Final,9,Top,,,,Home,STL,ATL,Blaze Jordan,691458,3B,8,3,3,1,1,0,0,0,0,1,0,0,0,2,5,4,5
2026-07-11,2026-07-11 08:25:17 PM PT,822953,1:10 PM PT,Final,9,Top,,,,Home,TB,SEA,Chandler Simpson,802415,LF,6,4,4,1,1,0,0,0,1,0,0,0,0,0,5,6,12
2026-07-11,2026-07-11 08:25:17 PM PT,822875,4:05 PM PT,Final,9,Bottom,,,,Home,TEX,HOU,Wyatt Langford,694671,LF,2,4,3,1,1,0,0,0,0,0,1,0,0,0,5,3,7
2026-07-11,2026-07-11 08:25:17 PM PT,822875,4:05 PM PT,Final,9,Bottom,,,,Home,TEX,HOU,Cam Cauley,695508,PH,4 (Sub),1,1,1,1,0,0,0,1,0,0,0,0,0,5,3,7
2026-07-11,2026-07-11 08:25:18 PM PT,823926,6:10 PM PT,Bottom 7 | 0 out,7,Bottom,0,1,2,Away,ARI,LAD,Nolan Arenado,571448,3B,7,3,2,0,0,0,0,0,1,0,1,0,0,0,4,7,5
2026-07-11,2026-07-11 08:25:18 PM PT,824492,4:10 PM PT,Final,9,Bottom,,,,Away,CHC,CIN,Pete Crow-Armstrong,691718,CF,1,5,3,0,0,0,0,0,0,0,2,0,0,2,4,5,9
2026-07-11,2026-07-11 08:25:17 PM PT,823844,1:10 PM PT,Final,9,Bottom,,,,Away,CLE,MIA,Chase DeLauter,800050,DH,3,5,3,0,0,0,0,0,0,0,2,0,0,1,4,4,11
2026-07-11,2026-07-11 08:25:16 PM PT,824576,11:10 AM PT,Final,9,Top,,,,Home,CWS,ATH,Colson Montgomery,695657,3B,4,4,3,0,0,0,0,0,1,0,1,0,0,3,4,1,5
2026-07-11,2026-07-11 08:25:16 PM PT,823357,9:05 AM PT,Final,9,Top,,,,Away,MIL,PIT,Brice Turang,668930,2B,3,5,3,0,0,0,0,0,0,0,2,0,0,0,4,6,9
2026-07-11,2026-07-11 08:25:16 PM PT,823356,1:05 PM PT,Final,9,Top,,,,Away,MIL,PIT,Gary Sánchez,596142,C,5,4,2,0,0,0,0,0,0,0,2,0,0,0,4,2,7
2026-07-11,2026-07-11 08:25:16 PM PT,823682,11:10 AM PT,Final,9,Top,,,,Home,MIN,LAA,Kody Clemens,665019,2B,4,4,3,0,0,0,0,0,1,0,1,0,0,2,4,5,9
2026-07-11,2026-07-11 08:25:17 PM PT,824249,3:10 PM PT,Final,9,Bottom,,,,Away,PHI,DET,Trea Turner,607208,SS,1,4,2,0,0,0,0,0,0,1,1,0,0,1,4,4,7
2026-07-11,2026-07-11 08:25:17 PM PT,824249,3:10 PM PT,Final,9,Bottom,,,,Away,PHI,DET,Brandon Marsh,669016,LF,4,4,3,0,0,0,0,0,1,0,1,0,0,1,4,4,7
2026-07-11,2026-07-11 08:25:16 PM PT,823357,9:05 AM PT,Final,9,Top,,,,Home,PIT,MIL,Bryan Reynolds,668804,DH,3,4,3,0,0,0,0,0,1,0,0,1,0,2,4,7,7
2026-07-11,2026-07-11 08:25:18 PM PT,823276,5:40 PM PT,Top 8 | 0 out,8,Top,0,1,2,Home,SD,TOR,Xander Bogaerts,593428,SS,3,4,2,0,0,0,0,0,0,0,2,0,0,1,4,8,7
2026-07-11,2026-07-11 08:25:18 PM PT,823276,5:40 PM PT,Top 8 | 0 out,8,Top,0,1,2,Away,TOR,SD,Nathan Lukes,664770,RF,2,4,3,0,0,0,0,0,1,0,0,1,0,1,4,7,6
2026-07-11,2026-07-11 08:25:18 PM PT,823276,5:40 PM PT,Top 8 | 0 out,8,Top,0,1,2,Away,TOR,SD,Kazuma Okamoto,672960,3B,5,4,3,0,0,0,0,0,1,0,1,0,0,1,4,7,6
2026-07-11,2026-07-11 08:25:18 PM PT,823276,5:40 PM PT,Top 8 | 0 out,8,Top,0,1,2,Away,TOR,SD,Daulton Varsho,662139,CF,6,4,3,0,0,0,0,0,1,0,1,0,0,0,4,7,6
2026-07-11,2026-07-11 08:25:18 PM PT,823030,4:15 PM PT,Final,9,Top,,,,Away,ATL,STL,Michael Harris II,671739,CF,1,4,4,1,1,0,0,0,0,0,0,0,0,1,3,1,6
2026-07-11,2026-07-11 08:25:18 PM PT,823030,4:15 PM PT,Final,9,Top,,,,Away,ATL,STL,Matt Olson,621566,1B,3,4,4,1,1,0,0,0,0,0,0,0,0,3,3,1,6
2026-07-11,2026-07-11 08:25:18 PM PT,823030,4:15 PM PT,Final,9,Top,,,,Away,ATL,STL,Austin Riley,663586,3B,6,4,4,1,1,0,0,0,0,0,0,0,0,2,3,1,6
2026-07-11,2026-07-11 08:25:18 PM PT,824492,4:10 PM PT,Final,9,Bottom,,,,Home,CIN,CHC,Sal Stewart,701398,3B,2,5,5,1,1,0,0,0,0,0,0,0,0,1,3,3,11
2026-07-11,2026-07-11 08:25:18 PM PT,824492,4:10 PM PT,Final,9,Bottom,,,,Home,CIN,CHC,Tyler Stephenson,663886,PH,7 (Sub),1,1,1,1,0,0,0,0,0,0,0,0,0,3,3,11
2026-07-11,2026-07-11 08:25:17 PM PT,823844,1:10 PM PT,Final,9,Bottom,,,,Away,CLE,MIA,Travis Bazzana,683953,2B,1,5,5,1,1,0,0,0,0,0,0,0,0,2,3,4,11
2026-07-11,2026-07-11 08:25:17 PM PT,823198,1:05 PM PT,Final,9,Top,,,,Away,COL,SF,Jake McCarthy,664983,CF,1,4,4,1,1,0,0,0,0,0,0,0,0,1,3,2,6
2026-07-11,2026-07-11 08:25:17 PM PT,824249,3:10 PM PT,Final,9,Bottom,,,,Home,DET,PHI,Kevin McGonigle,805808,3B,2,4,4,1,1,0,0,0,0,0,0,0,0,1,3,2,10
2026-07-11,2026-07-11 08:25:17 PM PT,824249,3:10 PM PT,Final,9,Bottom,,,,Home,DET,PHI,Ben Malgeri,701162,RF,8,3,3,1,1,0,0,0,0,0,0,0,0,1,3,2,10
2026-07-11,2026-07-11 08:25:17 PM PT,824813,4:05 PM PT,Final,9,Top,,,,Away,KC,BAL,Michael Massey,686681,2B,7,3,3,1,1,0,0,0,0,0,0,0,0,0,3,1,2
2026-07-11,2026-07-11 08:25:16 PM PT,823682,11:10 AM PT,Final,9,Top,,,,Away,LAA,MIN,Denzer Guzman,694203,3B,8,4,4,1,1,0,0,0,0,0,0,0,0,3,3,3,10
2026-07-11,2026-07-11 08:25:18 PM PT,823926,6:10 PM PT,Bottom 7 | 0 out,7,Bottom,0,1,2,Home,LAD,ARI,Shohei Ohtani,660271,DH,1,3,3,1,1,0,0,0,0,0,0,0,0,0,3,2,6
2026-07-11,2026-07-11 08:25:18 PM PT,823926,6:10 PM PT,Bottom 7 | 0 out,7,Bottom,0,1,2,Home,LAD,ARI,Freddie Freeman,518692,1B,3,3,3,1,1,0,0,0,0,0,0,0,0,0,3,2,6
2026-07-11,2026-07-11 08:25:17 PM PT,823844,1:10 PM PT,Final,9,Bottom,,,,Home,MIA,CLE,Xavier Edwards,669364,2B,4,4,4,1,1,0,0,0,0,0,0,0,0,1,3,1,7
2026-07-11,2026-07-11 08:25:17 PM PT,823844,1:10 PM PT,Final,9,Bottom,,,,Home,MIA,CLE,Griffin Conine,665052,RF,6,4,4,1,1,0,0,0,0,0,0,0,0,0,3,1,7
2026-07-11,2026-07-11 08:25:16 PM PT,823357,9:05 AM PT,Final,9,Top,,,,Away,MIL,PIT,Christian Yelich,592885,DH,1,5,5,1,1,0,0,0,0,0,0,0,0,2,3,6,9
2026-07-11,2026-07-11 08:25:16 PM PT,823356,1:05 PM PT,Final,9,Top,,,,Away,MIL,PIT,Garrett Mitchell,669003,CF,6,4,4,1,1,0,0,0,0,0,0,0,0,0,3,2,7
2026-07-11,2026-07-11 08:25:16 PM PT,823682,11:10 AM PT,Final,9,Top,,,,Home,MIN,LAA,Austin Martin,668885,LF,1 (Sub),1,1,1,1,0,0,0,0,0,0,0,0,0,3,5,9
2026-07-11,2026-07-11 08:25:16 PM PT,823682,11:10 AM PT,Final,9,Top,,,,Home,MIN,LAA,Trevor Larnach,663616,LF,1,3,3,1,1,0,0,0,0,0,0,0,0,0,3,5,9
2026-07-11,2026-07-11 08:25:16 PM PT,823682,11:10 AM PT,Final,9,Top,,,,Home,MIN,LAA,Tristan Gray,656484,SS,8,2,2,1,1,0,0,0,0,0,0,0,0,0,3,5,9
2026-07-11,2026-07-11 08:25:17 PM PT,823603,1:10 PM PT,Final,9,Bottom,,,,Home,NYM,BOS,Jorge Polanco,593871,DH,5,4,4,1,1,0,0,0,0,0,0,0,0,1,3,0,3
2026-07-11,2026-07-11 08:25:17 PM PT,822711,1:05 PM PT,Final,9,Bottom,,,,Away,NYY,WSH,Jasson Domínguez,691176,RF,6,4,4,1,1,0,0,0,0,0,0,0,0,0,3,4,9
2026-07-11,2026-07-11 08:25:17 PM PT,822711,1:05 PM PT,Final,9,Bottom,,,,Away,NYY,WSH,Anthony Volpe,683011,SS,8,4,4,1,1,0,0,0,0,0,0,0,0,1,3,4,9
2026-07-11,2026-07-11 08:25:17 PM PT,824249,3:10 PM PT,Final,9,Bottom,,,,Away,PHI,DET,Kyle Schwarber,656941,DH,2,4,4,1,1,0,0,0,0,0,0,0,0,1,3,4,7
2026-07-11,2026-07-11 08:25:16 PM PT,823356,1:05 PM PT,Final,9,Top,,,,Home,PIT,MIL,Rafael Flores Jr.,804668,C,7,3,3,1,1,0,0,0,0,0,0,0,0,0,3,3,7
2026-07-11,2026-07-11 08:25:16 PM PT,823356,1:05 PM PT,Final,9,Top,,,,Home,PIT,MIL,Billy Cook,695257,CF,9,3,3,1,1,0,0,0,0,0,0,0,0,1,3,3,7
2026-07-11,2026-07-11 08:25:17 PM PT,822953,1:10 PM PT,Final,9,Top,,,,Away,SEA,TB,Dominic Canzone,686527,DH,3,4,4,1,1,0,0,0,0,0,0,0,0,2,3,1,6
2026-07-11,2026-07-11 08:25:17 PM PT,823198,1:05 PM PT,Final,9,Top,,,,Home,SF,COL,Drew Gilbert,687551,CF,9,3,3,1,1,0,0,0,0,0,0,0,0,1,3,4,7
2026-07-11,2026-07-11 08:25:17 PM PT,822953,1:10 PM PT,Final,9,Top,,,,Home,TB,SEA,Nick Fortes,663743,C,9,4,4,1,1,0,0,0,0,0,0,0,0,1,3,6,12
2026-07-11,2026-07-11 08:25:17 PM PT,822875,4:05 PM PT,Final,9,Bottom,,,,Home,TEX,HOU,Elias Díaz,553869,C,9,4,4,1,1,0,0,0,0,0,0,0,0,1,3,3,7
2026-07-11,2026-07-11 08:25:17 PM PT,822711,1:05 PM PT,Final,9,Bottom,,,,Home,WSH,NYY,Luis García Jr.,671277,DH,2,5,5,1,1,0,0,0,0,0,0,0,0,0,3,2,7
2026-07-11,2026-07-11 08:25:17 PM PT,822711,1:05 PM PT,Final,9,Bottom,,,,Home,WSH,NYY,CJ Abrams,682928,SS,4,4,4,1,1,0,0,0,0,0,0,0,0,2,3,2,7
2026-07-11,2026-07-11 08:25:18 PM PT,823926,6:10 PM PT,Bottom 7 | 0 out,7,Bottom,0,1,2,Away,ARI,LAD,Corbin Carroll,682998,RF,3,4,3,0,0,0,0,0,0,0,1,0,0,1,2,7,5
2026-07-11,2026-07-11 08:25:18 PM PT,823926,6:10 PM PT,Bottom 7 | 0 out,7,Bottom,0,1,2,Away,ARI,LAD,Tommy Troy,694371,CF,9,2,1,0,0,0,0,0,0,0,1,0,0,1,2,7,5
2026-07-11,2026-07-11 08:25:16 PM PT,824576,11:10 AM PT,Final,9,Top,,,,Away,ATH,CWS,Tyler Soderstrom,691016,DH,2,4,3,0,0,0,0,0,0,0,1,0,0,0,2,0,4
2026-07-11,2026-07-11 08:25:18 PM PT,823030,4:15 PM PT,Final,9,Top,,,,Away,ATL,STL,Ozzie Albies,645277,2B,2,4,3,0,0,0,0,0,0,0,1,0,0,1,2,1,6
2026-07-11,2026-07-11 08:25:18 PM PT,823030,4:15 PM PT,Final,9,Top,,,,Away,ATL,STL,Dominic Smith,642086,PH,7 (Sub),1,0,0,0,0,0,0,0,0,0,1,0,0,2,1,6
2026-07-11,2026-07-11 08:25:17 PM PT,824813,4:05 PM PT,Final,9,Top,,,,Home,BAL,KC,Jackson Holliday,702616,2B,8,3,2,0,0,0,0,0,0,0,1,0,0,1,2,6,6
2026-07-11,2026-07-11 08:25:17 PM PT,823603,1:10 PM PT,Final,9,Bottom,,,,Away,BOS,NYM,Wilyer Abreu,677800,RF,3,4,3,0,0,0,0,0,0,0,1,0,0,1,2,4,6
2026-07-11,2026-07-11 08:25:17 PM PT,823603,1:10 PM PT,Final,9,Bottom,,,,Away,BOS,NYM,Carlos Narváez,665966,C,8,4,3,0,0,0,0,0,0,0,1,0,0,1,2,4,6
2026-07-11,2026-07-11 08:25:17 PM PT,823603,1:10 PM PT,Final,9,Bottom,,,,Away,BOS,NYM,Tsung-Che Cheng,691907,SS,9,2,1,0,0,0,0,0,0,0,1,0,0,1,2,4,6
2026-07-11,2026-07-11 08:25:18 PM PT,824492,4:10 PM PT,Final,9,Bottom,,,,Home,CIN,CHC,Spencer Steer,668715,RF,4,4,3,0,0,0,0,0,0,0,1,0,0,1,2,3,11
2026-07-11,2026-07-11 08:25:17 PM PT,823198,1:05 PM PT,Final,9,Top,,,,Away,COL,SF,TJ Rumfield,681198,1B,4,4,3,0,0,0,0,0,0,0,1,0,0,0,2,2,6
2026-07-11,2026-07-11 08:25:17 PM PT,823198,1:05 PM PT,Final,9,Top,,,,Away,COL,SF,Troy Johnston,687859,RF,6,4,3,0,0,0,0,0,0,0,1,0,0,0,2,2,6
2026-07-11,2026-07-11 08:25:17 PM PT,823198,1:05 PM PT,Final,9,Top,,,,Away,COL,SF,Ezequiel Tovar,678662,SS,8,3,2,0,0,0,0,0,0,0,1,0,0,0,2,2,6
2026-07-11,2026-07-11 08:25:16 PM PT,824576,11:10 AM PT,Final,9,Top,,,,Home,CWS,ATH,Munetaka Murakami,808959,DH,2,4,3,0,0,0,0,0,0,0,1,0,0,1,2,1,5
2026-07-11,2026-07-11 08:25:16 PM PT,824576,11:10 AM PT,Final,9,Top,,,,Home,CWS,ATH,Braden Montgomery,695731,RF,6,3,2,0,0,0,0,0,0,0,0,1,0,1,2,1,5
2026-07-11,2026-07-11 08:25:17 PM PT,824249,3:10 PM PT,Final,9,Bottom,,,,Home,DET,PHI,Riley Greene,682985,LF,5,4,3,0,0,0,0,0,0,0,1,0,0,2,2,2,10
2026-07-11,2026-07-11 08:25:17 PM PT,822875,4:05 PM PT,Final,9,Bottom,,,,Away,HOU,TEX,Cam Smith,701358,RF,5 (Sub),1,0,0,0,0,0,0,0,1,0,0,0,0,2,9,10
2026-07-11,2026-07-11 08:25:17 PM PT,824813,4:05 PM PT,Final,9,Top,,,,Away,KC,BAL,Carter Jensen,695600,C,1,4,3,0,0,0,0,0,0,0,1,0,0,2,2,1,2
2026-07-11,2026-07-11 08:25:17 PM PT,824813,4:05 PM PT,Final,9,Top,,,,Away,KC,BAL,Vinnie Pasquantino,686469,1B,5,4,3,0,0,0,0,0,0,0,1,0,0,0,2,1,2
2026-07-11,2026-07-11 08:25:17 PM PT,824813,4:05 PM PT,Final,9,Top,,,,Away,KC,BAL,Salvador Perez,521692,DH,6,3,2,0,0,0,0,0,0,1,0,0,0,2,2,1,2
2026-07-11,2026-07-11 08:25:16 PM PT,823682,11:10 AM PT,Final,9,Top,,,,Away,LAA,MIN,Jo Adell,666176,RF,6,4,3,0,0,0,0,0,0,0,1,0,0,0,2,3,10
2026-07-11,2026-07-11 08:25:17 PM PT,823844,1:10 PM PT,Final,9,Bottom,,,,Home,MIA,CLE,Otto Lopez,672640,SS,2,4,3,0,0,0,0,0,0,0,1,0,0,1,2,1,7
2026-07-11,2026-07-11 08:25:17 PM PT,823844,1:10 PM PT,Final,9,Bottom,,,,Home,MIA,CLE,Jakob Marsee,805300,CF,7,4,3,0,0,0,0,0,0,0,1,0,0,1,2,1,7
2026-07-11,2026-07-11 08:25:16 PM PT,823682,11:10 AM PT,Final,9,Top,,,,Home,MIN,LAA,Brooks Lee,686797,3B,2,4,3,0,0,0,0,0,0,0,1,0,0,1,2,5,9
2026-07-11,2026-07-11 08:25:17 PM PT,823603,1:10 PM PT,Final,9,Bottom,,,,Home,NYM,BOS,Juan Soto,665742,LF,2,4,3,0,0,0,0,0,0,0,1,0,0,0,2,0,3
2026-07-11,2026-07-11 08:25:17 PM PT,823603,1:10 PM PT,Final,9,Bottom,,,,Home,NYM,BOS,Francisco Lindor,596019,SS,3,4,3,0,0,0,0,0,0,0,1,0,0,0,2,0,3
2026-07-11,2026-07-11 08:25:17 PM PT,823603,1:10 PM PT,Final,9,Bottom,,,,Home,NYM,BOS,Eric Wagaman,676572,1B,6,4,3,0,0,0,0,0,0,0,1,0,0,1,2,0,3
2026-07-11,2026-07-11 08:25:17 PM PT,823603,1:10 PM PT,Final,9,Bottom,,,,Home,NYM,BOS,Brett Baty,683146,3B,8,4,3,0,0,0,0,0,0,0,1,0,0,2,2,0,3
2026-07-11,2026-07-11 08:25:17 PM PT,823603,1:10 PM PT,Final,9,Bottom,,,,Home,NYM,BOS,Bo Bichette,666182,PH,9 (Sub),1,0,0,0,0,0,0,0,0,1,0,0,0,2,0,3
2026-07-11,2026-07-11 08:25:17 PM PT,822711,1:05 PM PT,Final,9,Bottom,,,,Away,NYY,WSH,Amed Rosario,642708,3B,1,1,0,0,0,0,0,0,0,0,1,0,0,0,2,4,9
2026-07-11,2026-07-11 08:25:17 PM PT,822711,1:05 PM PT,Final,9,Bottom,,,,Away,NYY,WSH,José Caballero,676609,DH,2 (Sub),1,1,0,0,0,0,0,1,0,0,0,0,0,2,4,9
2026-07-11,2026-07-11 08:25:16 PM PT,823357,9:05 AM PT,Final,9,Top,,,,Home,PIT,MIL,Ryan O'Hearn,656811,1B,5,4,3,0,0,0,0,0,0,0,0,1,0,3,2,7,7
2026-07-11,2026-07-11 08:25:16 PM PT,823356,1:05 PM PT,Final,9,Top,,,,Home,PIT,MIL,Ryan O'Hearn,656811,1B,5,4,3,0,0,0,0,0,0,0,0,1,0,0,2,3,7
2026-07-11,2026-07-11 08:25:17 PM PT,822953,1:10 PM PT,Final,9,Top,,,,Away,SEA,TB,Colt Emerson,806068,SS,9,4,3,0,0,0,0,0,0,1,0,0,0,1,2,1,6
2026-07-11,2026-07-11 08:25:17 PM PT,823198,1:05 PM PT,Final,9,Top,,,,Home,SF,COL,Rafael Devers,646240,1B,4,4,3,0,0,0,0,0,0,0,1,0,0,2,2,4,7
2026-07-11,2026-07-11 08:25:17 PM PT,822875,4:05 PM PT,Final,9,Bottom,,,,Home,TEX,HOU,Joc Pederson,592626,DH,1,4,3,0,0,0,0,0,0,0,1,0,0,0,2,3,7
2026-07-11,2026-07-11 08:25:17 PM PT,822875,4:05 PM PT,Final,9,Bottom,,,,Home,TEX,HOU,Josh Jung,673962,3B,3,4,3,0,0,0,0,0,0,0,0,1,0,2,2,3,7
2026-07-11,2026-07-11 08:25:18 PM PT,823276,5:40 PM PT,Top 8 | 0 out,8,Top,0,1,2,Away,TOR,SD,Andrés Giménez,665926,SS,8,3,3,0,0,0,0,0,0,1,0,0,0,0,2,7,6
2026-07-11,2026-07-11 08:25:17 PM PT,822711,1:05 PM PT,Final,9,Bottom,,,,Home,WSH,NYY,Dylan Crews,686611,CF,6,4,3,0,0,0,0,0,0,0,1,0,0,0,2,2,7
2026-07-11,2026-07-11 08:25:17 PM PT,822711,1:05 PM PT,Final,9,Bottom,,,,Home,WSH,NYY,Jorbit Vivas,678391,3B,7,4,3,0,0,0,0,0,0,0,1,0,0,0,2,2,7
2026-07-11,2026-07-11 08:25:17 PM PT,822711,1:05 PM PT,Final,9,Bottom,,,,Home,WSH,NYY,Drew Millas,686452,C,8,3,2,0,0,0,0,0,0,0,1,0,0,1,2,2,7
2026-07-11,2026-07-11 08:25:17 PM PT,822711,1:05 PM PT,Final,9,Bottom,,,,Home,WSH,NYY,Nasim Nuñez,683083,2B,9,4,3,0,0,0,0,0,0,0,1,0,0,1,2,2,7
2026-07-11,2026-07-11 08:25:18 PM PT,823926,6:10 PM PT,Bottom 7 | 0 out,7,Bottom,0,1,2,Away,ARI,LAD,Ketel Marte,606466,2B,1,4,4,0,0,0,0,0,0,0,0,0,0,2,0,7,5
2026-07-11,2026-07-11 08:25:18 PM PT,823926,6:10 PM PT,Bottom 7 | 0 out,7,Bottom,0,1,2,Away,ARI,LAD,Jorge Barrosa,678489,CF,9 (Sub),1,1,0,0,0,0,0,0,0,0,0,0,0,0,7,5
2026-07-11,2026-07-11 08:25:16 PM PT,824576,11:10 AM PT,Final,9,Top,,,,Away,ATH,CWS,Shea Langeliers,669127,C,3,4,4,0,0,0,0,0,0,0,0,0,0,3,0,0,4
2026-07-11,2026-07-11 08:25:16 PM PT,824576,11:10 AM PT,Final,9,Top,,,,Away,ATH,CWS,Jonah Heim,641680,1B,4,4,4,0,0,0,0,0,0,0,0,0,0,1,0,0,4
2026-07-11,2026-07-11 08:25:16 PM PT,824576,11:10 AM PT,Final,9,Top,,,,Away,ATH,CWS,Carlos Cortes,666126,LF,7,2,2,0,0,0,0,0,0,0,0,0,0,0,0,0,4
2026-07-11,2026-07-11 08:25:16 PM PT,824576,11:10 AM PT,Final,9,Top,,,,Away,ATH,CWS,Colby Thomas,687515,LF,7 (Sub),2,2,0,0,0,0,0,0,0,0,0,0,1,0,0,4
2026-07-11,2026-07-11 08:25:16 PM PT,824576,11:10 AM PT,Final,9,Top,,,,Away,ATH,CWS,Alika Williams,675961,2B,8 (Sub),2,2,0,0,0,0,0,0,0,0,0,0,0,0,0,4
2026-07-11,2026-07-11 08:25:16 PM PT,824576,11:10 AM PT,Final,9,Top,,,,Away,ATH,CWS,Jeff McNeil,643446,2B,8,2,2,0,0,0,0,0,0,0,0,0,0,0,0,0,4
2026-07-11,2026-07-11 08:25:16 PM PT,824576,11:10 AM PT,Final,9,Top,,,,Away,ATH,CWS,Henry Bolte,703607,CF,9,3,3,0,0,0,0,0,0,0,0,0,0,1,0,0,4
2026-07-11,2026-07-11 08:25:18 PM PT,823030,4:15 PM PT,Final,9,Top,,,,Away,ATL,STL,Joey Bart,663698,C,8,4,4,0,0,0,0,0,0,0,0,0,0,2,0,1,6
2026-07-11,2026-07-11 08:25:18 PM PT,823030,4:15 PM PT,Final,9,Top,,,,Away,ATL,STL,Jim Jarvis,805347,SS,9 (Sub),1,1,0,0,0,0,0,0,0,0,0,0,1,0,1,6
2026-07-11,2026-07-11 08:25:18 PM PT,823030,4:15 PM PT,Final,9,Top,,,,Away,ATL,STL,Jorge Mateo,622761,SS,9,2,2,0,0,0,0,0,0,0,0,0,0,0,0,1,6
2026-07-11,2026-07-11 08:25:17 PM PT,824813,4:05 PM PT,Final,9,Top,,,,Home,BAL,KC,Adley Rutschman,668939,C,2,4,4,0,0,0,0,0,0,0,0,0,0,0,0,6,6
2026-07-11,2026-07-11 08:25:17 PM PT,824813,4:05 PM PT,Final,9,Top,,,,Home,BAL,KC,Tyler O'Neill,641933,RF,6,3,3,0,0,0,0,0,0,0,0,0,0,2,0,6,6
2026-07-11,2026-07-11 08:25:17 PM PT,824813,4:05 PM PT,Final,9,Top,,,,Home,BAL,KC,Leody Taveras,665750,CF,9,3,3,0,0,0,0,0,0,0,0,0,0,1,0,6,6
2026-07-11,2026-07-11 08:25:17 PM PT,823603,1:10 PM PT,Final,9,Bottom,,,,Away,BOS,NYM,Anthony Seigler,678011,2B,1,5,5,0,0,0,0,0,0,0,0,0,0,1,0,4,6
2026-07-11,2026-07-11 08:25:17 PM PT,823603,1:10 PM PT,Final,9,Bottom,,,,Away,BOS,NYM,Jarren Duran,680776,LF,7,4,4,0,0,0,0,0,0,0,0,0,0,1,0,4,6
2026-07-11,2026-07-11 08:25:17 PM PT,823603,1:10 PM PT,Final,9,Bottom,,,,Away,BOS,NYM,Romy Gonzalez,663853,1B,9 (Sub),2,2,0,0,0,0,0,0,0,0,0,0,1,0,4,6
2026-07-11,2026-07-11 08:25:18 PM PT,824492,4:10 PM PT,Final,9,Bottom,,,,Away,CHC,CIN,Nico Hoerner,663538,2B,6,4,4,0,0,0,0,0,0,0,0,0,0,0,0,5,9
2026-07-11,2026-07-11 08:25:18 PM PT,824492,4:10 PM PT,Final,9,Bottom,,,,Away,CHC,CIN,Dansby Swanson,621020,SS,8,4,4,0,0,0,0,0,0,0,0,0,0,2,0,5,9
2026-07-11,2026-07-11 08:25:18 PM PT,824492,4:10 PM PT,Final,9,Bottom,,,,Home,CIN,CHC,Jose Trevino,624431,C,7,3,3,0,0,0,0,0,0,0,0,0,0,1,0,3,11
2026-07-11,2026-07-11 08:25:18 PM PT,824492,4:10 PM PT,Final,9,Bottom,,,,Home,CIN,CHC,Edwin Arroyo,695490,2B,8,4,4,0,0,0,0,0,0,0,0,0,0,1,0,3,11
2026-07-11,2026-07-11 08:25:18 PM PT,824492,4:10 PM PT,Final,9,Bottom,,,,Home,CIN,CHC,Noelvi Marte,682622,PH,9 (Sub),1,1,0,0,0,0,0,0,0,0,0,0,1,0,3,11
2026-07-11,2026-07-11 08:25:17 PM PT,823198,1:05 PM PT,Final,9,Top,,,,Away,COL,SF,Edouard Julien,666397,2B,7,4,4,0,0,0,0,0,0,0,0,0,0,1,0,2,6
2026-07-11,2026-07-11 08:25:17 PM PT,823198,1:05 PM PT,Final,9,Top,,,,Away,COL,SF,Cole Carrigg,694249,PH,8 (Sub),1,1,0,0,0,0,0,0,0,0,0,0,1,0,2,6
2026-07-11,2026-07-11 08:25:17 PM PT,823198,1:05 PM PT,Final,9,Top,,,,Away,COL,SF,Willi Castro,650489,PH,9 (Sub),1,1,0,0,0,0,0,0,0,0,0,0,0,0,2,6
2026-07-11,2026-07-11 08:25:16 PM PT,824576,11:10 AM PT,Final,9,Top,,,,Home,CWS,ATH,Miguel Vargas,678246,1B,3,4,4,0,0,0,0,0,0,0,0,0,0,0,0,1,5
2026-07-11,2026-07-11 08:25:16 PM PT,824576,11:10 AM PT,Final,9,Top,,,,Home,CWS,ATH,Junior Perez,678577,CF,8,2,2,0,0,0,0,0,0,0,0,0,0,1,0,1,5
2026-07-11,2026-07-11 08:25:16 PM PT,824576,11:10 AM PT,Final,9,Top,,,,Home,CWS,ATH,Tristan Peters,671976,CF,8 (Sub),1,1,0,0,0,0,0,0,0,0,0,0,0,0,1,5
2026-07-11,2026-07-11 08:25:16 PM PT,824576,11:10 AM PT,Final,9,Top,,,,Home,CWS,ATH,Drew Romo,691011,C,9,3,3,0,0,0,0,0,0,0,0,0,0,3,0,1,5
2026-07-11,2026-07-11 08:25:17 PM PT,824249,3:10 PM PT,Final,9,Bottom,,,,Home,DET,PHI,Spencer Torkelson,679529,1B,4,4,4,0,0,0,0,0,0,0,0,0,0,2,0,2,10
2026-07-11,2026-07-11 08:25:17 PM PT,824249,3:10 PM PT,Final,9,Bottom,,,,Home,DET,PHI,Colt Keith,690993,PH,7 (Sub),1,1,0,0,0,0,0,0,0,0,0,0,0,0,2,10
2026-07-11,2026-07-11 08:25:17 PM PT,824249,3:10 PM PT,Final,9,Bottom,,,,Home,DET,PHI,Kerry Carpenter,681481,PH,8 (Sub),1,1,0,0,0,0,0,0,0,0,0,0,0,0,2,10
2026-07-11,2026-07-11 08:25:17 PM PT,824249,3:10 PM PT,Final,9,Bottom,,,,Home,DET,PHI,Zach McKinstry,656716,SS,9,4,4,0,0,0,0,0,0,0,0,0,0,0,0,2,10
2026-07-11,2026-07-11 08:25:17 PM PT,822875,4:05 PM PT,Final,9,Bottom,,,,Away,HOU,TEX,Brice Matthews,694728,CF,2 (Sub),0,0,0,0,0,0,0,0,0,0,0,0,0,0,9,10
2026-07-11,2026-07-11 08:25:17 PM PT,822875,4:05 PM PT,Final,9,Bottom,,,,Away,HOU,TEX,Nick Allen,669397,2B,6 (Sub),1,1,0,0,0,0,0,0,0,0,0,0,1,0,9,10
2026-07-11,2026-07-11 08:25:17 PM PT,822875,4:05 PM PT,Final,9,Bottom,,,,Away,HOU,TEX,Taylor Trammell,666211,LF,8,4,4,0,0,0,0,0,0,0,0,0,0,1,0,9,10
2026-07-11,2026-07-11 08:25:17 PM PT,824813,4:05 PM PT,Final,9,Top,,,,Away,KC,BAL,Bobby Witt Jr.,677951,SS,2,4,4,0,0,0,0,0,0,0,0,0,0,2,0,1,2
2026-07-11,2026-07-11 08:25:17 PM PT,824813,4:05 PM PT,Final,9,Top,,,,Away,KC,BAL,Lane Thomas,657041,CF,4,4,4,0,0,0,0,0,0,0,0,0,0,1,0,1,2
2026-07-11,2026-07-11 08:25:17 PM PT,824813,4:05 PM PT,Final,9,Top,,,,Away,KC,BAL,Nick Loftin,679845,3B,8,3,3,0,0,0,0,0,0,0,0,0,0,0,0,1,2
2026-07-11,2026-07-11 08:25:17 PM PT,824813,4:05 PM PT,Final,9,Top,,,,Away,KC,BAL,Isaac Collins,686555,LF,9,3,3,0,0,0,0,0,0,0,0,0,0,2,0,1,2
2026-07-11,2026-07-11 08:25:16 PM PT,823682,11:10 AM PT,Final,9,Top,,,,Away,LAA,MIN,Oswald Peraza,672724,PR,3 (Sub),0,0,0,0,0,0,0,0,0,0,0,0,0,0,3,10
2026-07-11,2026-07-11 08:25:16 PM PT,823682,11:10 AM PT,Final,9,Top,,,,Away,LAA,MIN,Vaughn Grissom,687093,2B,5,5,5,0,0,0,0,0,0,0,0,0,0,1,0,3,10
2026-07-11,2026-07-11 08:25:16 PM PT,823682,11:10 AM PT,Final,9,Top,,,,Away,LAA,MIN,Logan O'Hoppe,681351,C,9,4,4,0,0,0,0,0,0,0,0,0,0,2,0,3,10
2026-07-11,2026-07-11 08:25:18 PM PT,823926,6:10 PM PT,Bottom 7 | 0 out,7,Bottom,0,1,2,Home,LAD,ARI,Max Muncy,571970,3B,5,3,3,0,0,0,0,0,0,0,0,0,0,1,0,2,6
2026-07-11,2026-07-11 08:25:18 PM PT,823926,6:10 PM PT,Bottom 7 | 0 out,7,Bottom,0,1,2,Home,LAD,ARI,Kyle Tucker,663656,RF,6,3,3,0,0,0,0,0,0,0,0,0,0,0,0,2,6
2026-07-11,2026-07-11 08:25:18 PM PT,823926,6:10 PM PT,Bottom 7 | 0 out,7,Bottom,0,1,2,Home,LAD,ARI,Teoscar Hernández,606192,LF,7,2,2,0,0,0,0,0,0,0,0,0,0,0,0,2,6
2026-07-11,2026-07-11 08:25:18 PM PT,823926,6:10 PM PT,Bottom 7 | 0 out,7,Bottom,0,1,2,Home,LAD,ARI,Dalton Rushing,687221,C,8,2,2,0,0,0,0,0,0,0,0,0,0,1,0,2,6
2026-07-11,2026-07-11 08:25:17 PM PT,823844,1:10 PM PT,Final,9,Bottom,,,,Home,MIA,CLE,Javier Sanoja,691594,3B,9,4,4,0,0,0,0,0,0,0,0,0,0,0,0,1,7
2026-07-11,2026-07-11 08:25:16 PM PT,823357,9:05 AM PT,Final,9,Top,,,,Away,MIL,PIT,Jackson Chourio,694192,PH,2 (Sub),1,1,0,0,0,0,0,0,0,0,0,0,0,0,6,9
2026-07-11,2026-07-11 08:25:16 PM PT,823356,1:05 PM PT,Final,9,Top,,,,Away,MIL,PIT,William Contreras,661388,PH,4 (Sub),1,1,0,0,0,0,0,0,0,0,0,0,1,0,2,7
2026-07-11,2026-07-11 08:25:16 PM PT,823357,9:05 AM PT,Final,9,Top,,,,Away,MIL,PIT,Andrew Vaughn,683734,PH,5 (Sub),1,1,0,0,0,0,0,0,0,0,0,0,0,0,6,9
2026-07-11,2026-07-11 08:25:16 PM PT,823356,1:05 PM PT,Final,9,Top,,,,Away,MIL,PIT,Cooper Pratt,806198,SS,8,4,4,0,0,0,0,0,0,0,0,0,0,0,0,2,7
2026-07-11,2026-07-11 08:25:16 PM PT,823356,1:05 PM PT,Final,9,Top,,,,Away,MIL,PIT,Andrew Vaughn,683734,3B,9 (Sub),1,1,0,0,0,0,0,0,0,0,0,0,0,0,2,7
2026-07-11,2026-07-11 08:25:16 PM PT,823357,9:05 AM PT,Final,9,Top,,,,Away,MIL,PIT,Joey Ortiz,687401,3B,9,4,4,0,0,0,0,0,0,0,0,0,0,0,0,6,9
2026-07-11,2026-07-11 08:25:16 PM PT,823682,11:10 AM PT,Final,9,Top,,,,Home,MIN,LAA,Ryan Kreidler,668952,SS,8 (Sub),1,1,0,0,0,0,0,0,0,0,0,0,0,0,5,9
2026-07-11,2026-07-11 08:25:17 PM PT,823603,1:10 PM PT,Final,9,Bottom,,,,Home,NYM,BOS,A.J. Ewing,805999,2B,1,4,4,0,0,0,0,0,0,0,0,0,0,1,0,0,3
2026-07-11,2026-07-11 08:25:17 PM PT,823603,1:10 PM PT,Final,9,Bottom,,,,Home,NYM,BOS,Tyrone Taylor,621438,CF,9 (Sub),1,1,0,0,0,0,0,0,0,0,0,0,0,0,0,3
2026-07-11,2026-07-11 08:25:17 PM PT,823603,1:10 PM PT,Final,9,Bottom,,,,Home,NYM,BOS,Zack Short,670097,2B,9,2,2,0,0,0,0,0,0,0,0,0,0,0,0,0,3
2026-07-11,2026-07-11 08:25:17 PM PT,822711,1:05 PM PT,Final,9,Bottom,,,,Away,NYY,WSH,Jazz Chisholm Jr.,665862,2B,7,4,4,0,0,0,0,0,0,0,0,0,0,3,0,4,9
2026-07-11,2026-07-11 08:25:17 PM PT,822711,1:05 PM PT,Final,9,Bottom,,,,Away,NYY,WSH,Ali Sánchez,645305,C,9,2,2,0,0,0,0,0,0,0,0,0,0,0,0,4,9
2026-07-11,2026-07-11 08:25:17 PM PT,822711,1:05 PM PT,Final,9,Bottom,,,,Away,NYY,WSH,Austin Wells,669224,C,9 (Sub),2,2,0,0,0,0,0,0,0,0,0,0,0,0,4,9
2026-07-11,2026-07-11 08:25:17 PM PT,824249,3:10 PM PT,Final,9,Bottom,,,,Away,PHI,DET,Alec Bohm,664761,3B,5,4,4,0,0,0,0,0,0,0,0,0,0,3,0,4,7
2026-07-11,2026-07-11 08:25:17 PM PT,824249,3:10 PM PT,Final,9,Bottom,,,,Away,PHI,DET,Gabriel Rincones Jr.,687282,RF,8,4,4,0,0,0,0,0,0,0,0,0,0,1,0,4,7
2026-07-11,2026-07-11 08:25:16 PM PT,823356,1:05 PM PT,Final,9,Top,,,,Home,PIT,MIL,Nick Gonzales,693304,3B,1,4,4,0,0,0,0,0,0,0,0,0,0,0,0,3,7
2026-07-11,2026-07-11 08:25:16 PM PT,823356,1:05 PM PT,Final,9,Top,,,,Home,PIT,MIL,Jake Mangum,663968,LF,4 (Sub),0,0,0,0,0,0,0,0,0,0,0,0,0,0,3,7
2026-07-11,2026-07-11 08:25:16 PM PT,823356,1:05 PM PT,Final,9,Top,,,,Home,PIT,MIL,Marcell Ozuna,542303,DH,6,3,3,0,0,0,0,0,0,0,0,0,0,1,0,3,7
2026-07-11,2026-07-11 08:25:16 PM PT,823357,9:05 AM PT,Final,9,Top,,,,Home,PIT,MIL,Billy Cook,695257,CF,7 (Sub),0,0,0,0,0,0,0,0,0,0,0,0,0,0,7,7
2026-07-11,2026-07-11 08:25:16 PM PT,823356,1:05 PM PT,Final,9,Top,,,,Home,PIT,MIL,Henry Davis,680779,C,7 (Sub),0,0,0,0,0,0,0,0,0,0,0,0,0,0,3,7
2026-07-11,2026-07-11 08:25:16 PM PT,823357,9:05 AM PT,Final,9,Top,,,,Home,PIT,MIL,Tyler Callihan,682997,LF,7,4,4,0,0,0,0,0,0,0,0,0,0,0,0,7,7
2026-07-11,2026-07-11 08:25:16 PM PT,823357,9:05 AM PT,Final,9,Top,,,,Home,PIT,MIL,Jared Triolo,669707,SS,8,4,4,0,0,0,0,0,0,0,0,0,0,1,0,7,7
2026-07-11,2026-07-11 08:25:16 PM PT,823356,1:05 PM PT,Final,9,Top,,,,Home,PIT,MIL,Jared Triolo,669707,SS,8,3,3,0,0,0,0,0,0,0,0,0,0,0,0,3,7
2026-07-11,2026-07-11 08:25:18 PM PT,823276,5:40 PM PT,Top 8 | 0 out,8,Top,0,1,2,Home,SD,TOR,Luis Campusano,669134,C,8,4,4,0,0,0,0,0,0,0,0,0,0,3,0,8,7
2026-07-11,2026-07-11 08:25:17 PM PT,822953,1:10 PM PT,Final,9,Top,,,,Away,SEA,TB,J.P. Crawford,641487,3B,1,4,4,0,0,0,0,0,0,0,0,0,0,1,0,1,6
2026-07-11,2026-07-11 08:25:17 PM PT,822953,1:10 PM PT,Final,9,Top,,,,Away,SEA,TB,Luke Raley,670042,RF,6,3,3,0,0,0,0,0,0,0,0,0,0,1,0,1,6
2026-07-11,2026-07-11 08:25:17 PM PT,822953,1:10 PM PT,Final,9,Top,,,,Away,SEA,TB,Mitch Garver,641598,PH,6 (Sub),1,1,0,0,0,0,0,0,0,0,0,0,1,0,1,6
2026-07-11,2026-07-11 08:25:17 PM PT,822953,1:10 PM PT,Final,9,Top,,,,Away,SEA,TB,Weston Wilson,642215,RF,6 (Sub),0,0,0,0,0,0,0,0,0,0,0,0,0,0,1,6
2026-07-11,2026-07-11 08:25:17 PM PT,822953,1:10 PM PT,Final,9,Top,,,,Away,SEA,TB,Miles Mastrobuoni,670156,PH,8 (Sub),1,1,0,0,0,0,0,0,0,0,0,0,0,0,1,6
2026-07-11,2026-07-11 08:25:17 PM PT,823198,1:05 PM PT,Final,9,Top,,,,Home,SF,COL,Willy Adames,642715,SS,5,4,4,0,0,0,0,0,0,0,0,0,0,1,0,4,7
2026-07-11,2026-07-11 08:25:17 PM PT,823198,1:05 PM PT,Final,9,Top,,,,Home,SF,COL,Jung Hoo Lee,808982,RF,7,3,3,0,0,0,0,0,0,0,0,0,0,1,0,4,7
2026-07-11,2026-07-11 08:25:18 PM PT,823030,4:15 PM PT,Final,9,Top,,,,Home,STL,ATL,JJ Wetherholt,802139,2B,1,4,4,0,0,0,0,0,0,0,0,0,0,1,0,4,5
2026-07-11,2026-07-11 08:25:18 PM PT,823030,4:15 PM PT,Final,9,Top,,,,Home,STL,ATL,Alec Burleson,676475,1B,3,4,4,0,0,0,0,0,0,0,0,0,0,0,0,4,5
2026-07-11,2026-07-11 08:25:18 PM PT,823030,4:15 PM PT,Final,9,Top,,,,Home,STL,ATL,Masyn Winn,691026,SS,6,3,3,0,0,0,0,0,0,0,0,0,0,1,0,4,5
2026-07-11,2026-07-11 08:25:18 PM PT,823030,4:15 PM PT,Final,9,Top,,,,Home,STL,ATL,Nathan Church,701675,CF,9,3,3,0,0,0,0,0,0,0,0,0,0,1,0,4,5
2026-07-11,2026-07-11 08:25:17 PM PT,822953,1:10 PM PT,Final,9,Top,,,,Home,TB,SEA,Cedric Mullins,656775,CF,4,3,3,0,0,0,0,0,0,0,0,0,0,0,0,6,12
2026-07-11,2026-07-11 08:25:17 PM PT,822953,1:10 PM PT,Final,9,Top,,,,Home,TB,SEA,Victor Mesa Jr.,683748,RF,4 (Sub),0,0,0,0,0,0,0,0,0,0,0,0,0,0,6,12
2026-07-11,2026-07-11 08:25:17 PM PT,822953,1:10 PM PT,Final,9,Top,,,,Home,TB,SEA,Jonny DeLuca,676356,CF,5,4,4,0,0,0,0,0,0,0,0,0,0,2,0,6,12
2026-07-11,2026-07-11 08:25:17 PM PT,822953,1:10 PM PT,Final,9,Top,,,,Home,TB,SEA,Richie Palacios,680700,2B,8,4,4,0,0,0,0,0,0,0,0,0,0,0,0,6,12
2026-07-11,2026-07-11 08:25:17 PM PT,822875,4:05 PM PT,Final,9,Bottom,,,,Home,TEX,HOU,Alejandro Osuna,696030,LF,2 (Sub),0,0,0,0,0,0,0,0,0,0,0,0,0,0,3,7
2026-07-11,2026-07-11 08:25:17 PM PT,822875,4:05 PM PT,Final,9,Bottom,,,,Home,TEX,HOU,Brandon Nimmo,607043,RF,4,3,3,0,0,0,0,0,0,0,0,0,0,3,0,3,7
2026-07-11,2026-07-11 08:25:17 PM PT,822875,4:05 PM PT,Final,9,Bottom,,,,Home,TEX,HOU,Jake Burger,669394,1B,5,3,3,0,0,0,0,0,0,0,0,0,0,1,0,3,7
2026-07-11,2026-07-11 08:25:17 PM PT,822875,4:05 PM PT,Final,9,Bottom,,,,Home,TEX,HOU,Justin Foscue,679822,PH,5 (Sub),1,1,0,0,0,0,0,0,0,0,0,0,1,0,3,7
2026-07-11,2026-07-11 08:25:17 PM PT,822875,4:05 PM PT,Final,9,Bottom,,,,Home,TEX,HOU,Nicky Lopez,670032,2B,8,4,4,0,0,0,0,0,0,0,0,0,0,1,0,3,7
2026-07-11,2026-07-11 08:25:18 PM PT,823276,5:40 PM PT,Top 8 | 0 out,8,Top,0,1,2,Away,TOR,SD,George Springer,543807,DH,4,4,4,0,0,0,0,0,0,0,0,0,0,1,0,7,6
2026-07-11,2026-07-11 08:25:18 PM PT,823276,5:40 PM PT,Top 8 | 0 out,8,Top,0,1,2,Away,TOR,SD,Luis Urías,649966,PH,8 (Sub),0,0,0,0,0,0,0,0,0,0,0,0,0,0,7,6
2026-07-11,2026-07-11 08:25:17 PM PT,822711,1:05 PM PT,Final,9,Bottom,,,,Home,WSH,NYY,Daylen Lile,695734,LF,5,4,4,0,0,0,0,0,0,0,0,0,0,2,0,2,7
2026-07-11,2026-07-11 08:25:17 PM PT,822711,1:05 PM PT,Final,9,Bottom,,,,Home,WSH,NYY,José Tena,677588,PH,8 (Sub),1,1,0,0,0,0,0,0,0,0,0,0,1,0,2,7
