Game,Away,Home,Stadium,Period,Target Local,Forecast Run UTC,Forecast Run PT,NWS Forecast Updated,Forecast Age Minutes,Hours Until Game,Models Available,Temperature Model Spread F,Wind Model Spread MPH,Precip Model Spread Pct,Wind Direction Spread Degrees,Wind Toward CF Spread MPH,Probability Wind Blowing Out %,Probability Wind Blowing In %,Exact-Time Interpolation,Interpolation Lower Time,Interpolation Upper Time,Interpolation Fraction,Ensemble Disagreement Score,Weather Confidence %,Confidence-Adjusted HR Score,Park Wind Exposure,Park Temperature Offset F,Park Carry Bias,Microclimate Adjustment,Conditions,Temp F,Feels Like F,Dew Point F,RH %,Surface Pressure hPa,Sea Level Pressure hPa,Cloud Cover %,Precip %,Precip Inches,Visibility Miles,CAPE J/kg,Wind MPH,Wind Gust MPH,Wind From,Wind From Degrees,Raw Wind Toward CF MPH,Raw Wind Toward LF MPH,Raw Wind Toward RF MPH,Wind Toward CF MPH,Wind Toward LF MPH,Wind Toward RF MPH,Crosswind MPH,Effective Wind Vector MPH,Park Swirl Uncertainty MPH,LF Shield Multiplier,CF Shield Multiplier,RF Shield Multiplier,Park Swirl Factor,Air Density kg/m3,Air Density Class,Density Altitude Ft,Roof Status,Roof Basis,HR Carry Score,Atmospheric Carry Points,Wind Carry Points,Gust Carry Points,Precip Carry Penalty Points,Carry Multiplier,LHB Carry Score,RHB Carry Score,XBH Score,Run Environment Score,Pitching Comfort Score,Delay Risk Score,Delay Risk,Forecast Uncertainty Score,Forecast Uncertainty,NWS Temp F,Model Temp F,NWS Wind MPH,Model Wind MPH
Chicago White Sox @ Toronto Blue Jays,Chicago White Sox,Toronto Blue Jays,Rogers Centre,First Pitch,12:15 PM EDT,2026-07-19 08:19:09 UTC,2026-07-19 01:19:09 AM PDT,,0.0,7.9,4,1.86,1.47,0.0,80.8,2.4,56.2,43.8,YES,2026-07-19T12:00,2026-07-19T13:00,0.25,11.8,94.3,55.0,0.7,0.0,0.2,0.2,Clear,69.1,72.6,53.3,58.1,1004.7,1015.3,9.6,0.0,0.0,55.9,20.0,3.1,8.4,WSW,241.5,0.7,-1.2,2.3,0.6,-0.9,1.9,3.0,0.5,0.2,0.82,0.88,0.84,0.08,1.1852,NEUTRAL,957.0,OPEN,PROJECTED: FAVORABLE,55.3,3.8,1.3,0.0,0.0,1.013,56.5,53.9,54.0,49.6,74.0,0.2,LOW,0.7,LOW,,69.1,0.0,4.5
Chicago White Sox @ Toronto Blue Jays,Chicago White Sox,Toronto Blue Jays,Rogers Centre,+1 Hour,01:15 PM EDT,2026-07-19 08:19:09 UTC,2026-07-19 01:19:09 AM PDT,,0.0,8.9,4,2.0,0.38,0.0,84.9,2.6,56.2,43.8,YES,2026-07-19T13:00,2026-07-19T14:00,0.25,9.2,95.5,56.6,0.7,0.0,0.2,0.2,Clear,70.6,73.6,53.0,54.9,1004.3,1014.8,10.1,0.0,0.0,59.8,26.0,3.7,8.7,SW,231.7,1.4,-0.8,3.1,1.2,-0.6,2.5,3.3,1.1,0.3,0.82,0.88,0.84,0.08,1.1814,NEUTRAL,1071.0,OPEN,PROJECTED: FAVORABLE,56.9,4.1,2.6,0.0,0.0,1.017,58.2,55.4,54.8,50.1,74.3,0.3,LOW,0.7,LOW,,70.6,0.0,5.2
Chicago White Sox @ Toronto Blue Jays,Chicago White Sox,Toronto Blue Jays,Rogers Centre,+2 Hours,02:15 PM EDT,2026-07-19 08:19:09 UTC,2026-07-19 01:19:09 AM PDT,,0.0,9.9,4,1.72,0.21,0.0,81.5,2.3,56.2,43.8,YES,2026-07-19T14:00,2026-07-19T15:00,0.25,7.5,96.2,56.9,0.7,0.0,0.2,0.2,Clear,72.8,76.0,51.4,47.6,1003.9,1014.4,10.3,0.0,0.0,74.5,17.0,3.3,8.3,SW,231.0,1.3,-0.7,2.8,1.1,-0.5,2.2,3.0,1.0,0.3,0.82,0.88,0.84,0.08,1.1765,NEUTRAL,1228.0,OPEN,PROJECTED: FAVORABLE,57.2,4.6,2.4,0.0,0.0,1.017,58.4,55.9,54.8,50.3,71.9,0.2,LOW,0.8,LOW,,72.8,0.0,4.7
Chicago White Sox @ Toronto Blue Jays,Chicago White Sox,Toronto Blue Jays,Rogers Centre,+3 Hours,03:15 PM EDT,2026-07-19 08:19:09 UTC,2026-07-19 01:19:09 AM PDT,,0.0,10.9,4,1.7,0.8,0.0,84.9,2.5,56.2,43.8,YES,2026-07-19T15:00,2026-07-19T16:00,0.25,9.2,95.4,58.4,0.7,0.0,0.2,0.2,Clear,73.7,75.6,50.7,45.1,1003.7,1014.2,10.1,0.0,0.0,78.4,12.0,3.6,8.2,SW,218.9,2.1,0.0,3.4,1.7,0.0,2.7,2.9,1.6,0.3,0.82,0.88,0.84,0.08,1.1743,NEUTRAL,1297.0,OPEN,PROJECTED: FAVORABLE,58.8,4.8,3.8,0.0,0.0,1.021,59.9,57.4,55.3,50.7,70.9,0.1,LOW,0.9,LOW,,73.7,0.0,5.1
Los Angeles Dodgers @ New York Yankees,Los Angeles Dodgers,New York Yankees,Yankee Stadium,First Pitch,12:35 PM EDT,2026-07-19 08:19:10 UTC,2026-07-19 01:19:10 AM PDT,2026-07-19T06:21:34+00:00,117.6,8.3,5,0.85,0.84,0.0,15.7,1.9,100.0,0.0,YES,2026-07-19T12:00,2026-07-19T13:00,0.5833,5.9,91.1,66.8,0.92,0.5,1.2,0.9,Clear,78.3,79.2,56.3,47.5,1007.8,1010.4,4.4,0.0,0.0,85.0,2.0,10.3,17.0,NW,311.7,5.8,-0.2,9.6,5.2,-0.2,8.5,8.3,4.8,1.2,0.88,0.97,0.95,0.12,1.1679,NEUTRAL,1460.0,OPEN,OPEN-AIR PARK,68.4,5.4,11.6,0.5,0.0,1.044,71.8,64.0,61.5,53.4,64.3,0.0,LOW,11.3,LOW,79.0,77.0,13.0,9.7
Los Angeles Dodgers @ New York Yankees,Los Angeles Dodgers,New York Yankees,Yankee Stadium,+1 Hour,01:35 PM EDT,2026-07-19 08:19:10 UTC,2026-07-19 01:19:10 AM PDT,2026-07-19T06:21:34+00:00,117.6,9.3,5,1.81,1.18,0.0,13.7,2.0,100.0,0.0,YES,2026-07-19T13:00,2026-07-19T14:00,0.5833,10.8,92.7,67.3,0.92,0.5,1.2,0.9,Clear,80.3,81.0,54.2,41.8,1007.6,1010.1,3.6,0.0,0.0,104.9,2.0,10.3,17.7,NW,312.6,5.6,-0.4,9.6,5.1,-0.3,8.5,8.4,4.6,1.2,0.88,0.97,0.95,0.12,1.1639,NEUTRAL,1596.0,OPEN,OPEN-AIR PARK,68.7,5.8,11.4,0.6,0.0,1.045,72.1,64.2,61.7,53.5,61.5,0.0,LOW,4.5,LOW,80.0,79.6,12.0,10.6
Los Angeles Dodgers @ New York Yankees,Los Angeles Dodgers,New York Yankees,Yankee Stadium,+2 Hours,02:35 PM EDT,2026-07-19 08:19:10 UTC,2026-07-19 01:19:10 AM PDT,2026-07-19T06:21:34+00:00,117.6,10.3,5,2.32,1.33,0.0,13.1,2.0,100.0,0.0,YES,2026-07-19T14:00,2026-07-19T15:00,0.5833,13.3,91.7,67.2,0.92,0.5,1.2,0.9,Clear,81.7,82.2,52.8,37.9,1007.5,1010.0,3.0,0.0,0.0,115.4,3.0,10.3,17.4,NW,313.1,5.6,-0.4,9.6,5.0,-0.4,8.5,8.5,4.6,1.2,0.88,0.97,0.95,0.12,1.1611,NEUTRAL,1690.0,OPEN,OPEN-AIR PARK,68.8,6.1,11.3,0.5,0.0,1.045,72.3,64.3,61.9,53.6,60.3,0.0,LOW,4.1,LOW,81.0,81.3,12.0,10.6
Los Angeles Dodgers @ New York Yankees,Los Angeles Dodgers,New York Yankees,Yankee Stadium,+3 Hours,03:35 PM EDT,2026-07-19 08:19:10 UTC,2026-07-19 01:19:10 AM PDT,2026-07-19T06:21:34+00:00,117.6,11.3,5,2.31,1.54,0.0,12.6,2.0,100.0,0.0,YES,2026-07-19T15:00,2026-07-19T16:00,0.5833,13.9,92.2,66.2,0.92,0.5,1.2,0.9,Clear,82.0,81.9,52.4,37.0,1007.7,1010.3,2.2,0.0,0.0,120.5,4.0,9.3,16.6,NW,312.9,5.0,-0.4,8.6,4.5,-0.3,7.6,7.6,4.1,1.1,0.88,0.97,0.95,0.12,1.1608,NEUTRAL,1704.0,OPEN,OPEN-AIR PARK,67.6,6.1,10.2,0.4,0.0,1.042,70.7,63.6,61.0,53.5,60.6,0.0,LOW,2.9,LOW,81.0,81.8,10.0,10.1
Tampa Bay Rays @ Boston Red Sox,Tampa Bay Rays,Boston Red Sox,Fenway Park,First Pitch,01:35 PM EDT,2026-07-19 08:19:10 UTC,2026-07-19 01:19:10 AM PDT,2026-07-19T08:00:43+00:00,18.5,9.3,5,1.92,1.88,0.0,9.9,1.7,81.2,0.0,YES,2026-07-19T13:00,2026-07-19T14:00,0.5833,13.3,92.5,60.4,0.88,0.5,0.8,0.6,Clear,79.5,77.9,51.3,38.4,1004.7,1006.9,7.8,0.0,0.0,110.3,4.0,11.8,20.7,NW,304.5,2.0,-5.1,8.3,1.6,-3.6,6.4,11.3,1.5,1.7,0.78,0.9,0.83,0.14,1.1629,NEUTRAL,1641.0,OPEN,OPEN-AIR PARK,61.3,5.9,3.7,1.1,0.0,1.027,65.7,56.6,60.0,51.7,60.1,0.0,LOW,2.8,LOW,79.0,79.0,14.0,13.0
Tampa Bay Rays @ Boston Red Sox,Tampa Bay Rays,Boston Red Sox,Fenway Park,+1 Hour,02:35 PM EDT,2026-07-19 08:19:10 UTC,2026-07-19 01:19:10 AM PDT,2026-07-19T08:00:43+00:00,18.5,10.3,5,1.89,1.94,0.0,9.5,1.6,81.2,0.0,YES,2026-07-19T14:00,2026-07-19T15:00,0.5833,13.4,91.9,60.5,0.88,0.5,0.8,0.6,Clear,80.0,78.3,50.0,36.2,1004.9,1007.1,6.6,0.0,0.0,120.3,4.0,11.2,19.9,WNW,303.4,2.1,-4.6,8.0,1.7,-3.3,6.1,10.6,1.6,1.6,0.78,0.9,0.83,0.14,1.1622,NEUTRAL,1670.0,OPEN,OPEN-AIR PARK,61.4,6.0,3.9,0.9,0.0,1.027,65.5,57.0,59.7,51.8,60.1,0.0,LOW,3.8,LOW,79.0,79.9,13.0,12.4
Tampa Bay Rays @ Boston Red Sox,Tampa Bay Rays,Boston Red Sox,Fenway Park,+2 Hours,03:35 PM EDT,2026-07-19 08:19:10 UTC,2026-07-19 01:19:10 AM PDT,2026-07-19T08:00:43+00:00,18.5,11.3,5,1.83,1.93,0.0,8.1,1.3,100.0,0.0,YES,2026-07-19T15:00,2026-07-19T16:00,0.5833,13.1,91.8,60.5,0.88,0.5,0.8,0.6,Clear,80.3,77.8,48.6,34.0,1005.2,1007.4,5.4,0.0,0.0,127.6,4.0,10.5,18.8,WNW,302.1,2.2,-4.1,7.7,1.8,-2.9,5.9,9.9,1.7,1.5,0.78,0.9,0.83,0.14,1.1622,NEUTRAL,1679.0,OPEN,OPEN-AIR PARK,61.4,6.0,4.1,0.8,0.0,1.027,65.2,57.3,59.4,51.7,60.6,0.0,LOW,4.1,LOW,79.0,80.4,12.0,11.8
Tampa Bay Rays @ Boston Red Sox,Tampa Bay Rays,Boston Red Sox,Fenway Park,+3 Hours,04:35 PM EDT,2026-07-19 08:19:10 UTC,2026-07-19 01:19:10 AM PDT,2026-07-19T08:00:43+00:00,18.5,12.3,5,1.82,1.87,0.0,7.0,1.0,100.0,0.0,YES,2026-07-19T16:00,2026-07-19T17:00,0.5833,12.9,90.8,60.1,0.88,0.5,0.8,0.6,Clear,80.3,76.5,47.8,33.1,1005.5,1007.8,3.9,0.0,0.0,130.8,4.0,9.4,17.7,WNW,300.6,2.2,-3.4,7.1,1.8,-2.5,5.4,8.8,1.7,1.3,0.78,0.9,0.83,0.14,1.1628,NEUTRAL,1665.0,OPEN,OPEN-AIR PARK,61.2,5.9,4.1,0.6,0.0,1.027,64.5,57.4,58.9,51.7,61.6,0.0,LOW,6.2,LOW,79.0,80.3,10.0,11.3
New York Mets @ Philadelphia Phillies,New York Mets,Philadelphia Phillies,Citizens Bank Park,First Pitch,01:35 PM EDT,2026-07-19 08:19:11 UTC,2026-07-19 01:19:11 AM PDT,2026-07-19T08:08:13+00:00,11.0,9.3,5,1.25,0.79,0.0,23.3,2.5,0.0,100.0,YES,2026-07-19T13:00,2026-07-19T14:00,0.5833,7.4,84.9,44.1,0.98,0.7,1.6,1.6,Clear,81.1,84.5,60.0,49.8,1008.9,1011.2,12.8,0.0,0.0,80.9,2.0,10.6,15.3,NW,311.4,-5.5,-9.7,0.7,-5.4,-8.7,0.6,8.8,-4.8,1.0,0.94,1.03,0.98,0.09,1.1621,NEUTRAL,1608.0,OPEN,OPEN-AIR PARK,43.1,6.0,-14.3,-0.2,0.0,0.983,48.0,39.6,54.8,49.9,62.5,0.0,LOW,21.5,MEDIUM,82.0,79.3,15.0,7.4
New York Mets @ Philadelphia Phillies,New York Mets,Philadelphia Phillies,Citizens Bank Park,+1 Hour,02:35 PM EDT,2026-07-19 08:19:11 UTC,2026-07-19 01:19:11 AM PDT,2026-07-19T08:08:13+00:00,11.0,10.3,5,1.56,0.56,0.0,29.1,2.8,0.0,43.8,YES,2026-07-19T14:00,2026-07-19T15:00,0.5833,7.9,84.3,45.7,0.98,0.7,1.6,1.6,Clear,82.2,84.5,58.6,46.5,1008.7,1011.0,19.4,0.0,0.0,94.1,2.0,10.4,14.9,NW,308.2,-4.9,-9.3,1.2,-4.8,-8.3,1.2,9.0,-4.3,0.9,0.94,1.03,0.98,0.09,1.1601,NEUTRAL,1681.0,OPEN,OPEN-AIR PARK,44.9,6.2,-12.8,-0.1,0.0,0.988,49.8,41.3,55.4,50.2,61.6,0.0,LOW,22.1,MEDIUM,83.0,80.3,15.0,7.0
New York Mets @ Philadelphia Phillies,New York Mets,Philadelphia Phillies,Citizens Bank Park,+2 Hours,03:35 PM EDT,2026-07-19 08:19:11 UTC,2026-07-19 01:19:11 AM PDT,2026-07-19T08:08:13+00:00,11.0,11.3,5,1.7,0.43,0.0,31.8,2.8,56.2,43.8,YES,2026-07-19T15:00,2026-07-19T16:00,0.5833,8.1,90.7,48.2,0.98,0.7,1.6,1.6,Partly cloudy,82.6,83.2,57.3,43.7,1008.8,1011.1,54.0,0.0,0.0,104.1,2.0,8.3,14.5,NW,307.0,-3.8,-7.4,1.2,-3.7,-6.6,1.1,7.3,-3.3,0.8,0.94,1.03,0.98,0.09,1.1596,LIGHT,1707.0,OPEN,OPEN-AIR PARK,48.0,6.2,-9.8,-0.1,0.0,0.995,51.9,45.0,55.2,50.6,61.2,0.0,LOW,10.3,LOW,83.0,81.0,10.0,7.3
New York Mets @ Philadelphia Phillies,New York Mets,Philadelphia Phillies,Citizens Bank Park,+3 Hours,04:35 PM EDT,2026-07-19 08:19:11 UTC,2026-07-19 01:19:11 AM PDT,2026-07-19T08:08:13+00:00,11.0,12.3,5,2.04,0.97,0.0,28.0,2.2,0.0,43.8,YES,2026-07-19T16:00,2026-07-19T17:00,0.5833,11.1,90.1,47.7,0.98,0.7,1.6,1.6,Mostly clear,83.0,82.3,56.4,42.1,1008.7,1011.0,49.5,0.0,0.0,114.2,2.0,8.3,13.9,NW,308.9,-4.0,-7.5,0.9,-3.9,-6.7,0.8,7.1,-3.5,0.8,0.94,1.03,0.98,0.09,1.1588,LIGHT,1737.0,OPEN,OPEN-AIR PARK,47.4,6.3,-10.5,-0.0,0.0,0.994,51.3,44.5,55.0,50.5,60.7,0.0,LOW,8.9,LOW,83.0,81.8,10.0,7.3
Texas Rangers @ Atlanta Braves,Texas Rangers,Atlanta Braves,Truist Park,First Pitch,01:35 PM EDT,2026-07-19 08:19:12 UTC,2026-07-19 01:19:12 AM PDT,2026-07-19T06:27:06+00:00,112.1,9.3,5,0.53,1.2,8.46,9.7,0.2,100.0,0.0,YES,2026-07-19T13:00,2026-07-19T14:00,0.5833,8.7,89.6,65.2,0.94,0.5,0.6,0.6,Code 13,91.1,97.0,71.5,54.7,982.0,1014.4,35.8,31.2,0.001,75.8,1776.0,4.9,9.3,W,278.9,2.5,4.5,-0.3,2.3,3.9,-0.3,-4.1,2.1,0.5,0.92,0.98,0.94,0.1,1.1067,LIGHT,3188.0,OPEN,OPEN-AIR PARK,67.0,11.2,5.1,0.0,0.0,1.041,64.8,68.6,60.1,55.7,45.9,29.6,MODERATE,11.7,LOW,90.0,91.1,5.0,5.4
Texas Rangers @ Atlanta Braves,Texas Rangers,Atlanta Braves,Truist Park,+1 Hour,02:35 PM EDT,2026-07-19 08:19:12 UTC,2026-07-19 01:19:12 AM PDT,2026-07-19T06:27:06+00:00,112.1,10.3,5,1.45,1.94,8.43,2.5,0.9,100.0,0.0,YES,2026-07-19T14:00,2026-07-19T15:00,0.5833,14.5,87.2,65.7,0.94,0.5,0.6,0.6,Code 22,91.6,96.5,71.3,53.3,981.5,1013.8,62.9,34.4,0.008,78.8,1670.0,5.2,10.6,WNW,281.9,2.9,4.9,-0.1,2.7,4.3,-0.1,-4.2,2.4,0.5,0.92,0.98,0.94,0.1,1.1051,LIGHT,3238.0,OPEN,OPEN-AIR PARK,68.0,11.4,6.0,0.0,0.0,1.043,65.7,69.6,60.5,55.9,45.5,34.3,MODERATE,11.3,LOW,91.0,91.2,5.0,6.0
Texas Rangers @ Atlanta Braves,Texas Rangers,Atlanta Braves,Truist Park,+2 Hours,03:35 PM EDT,2026-07-19 08:19:12 UTC,2026-07-19 01:19:12 AM PDT,2026-07-19T06:27:06+00:00,112.1,11.3,5,3.62,1.96,9.83,3.4,1.0,100.0,0.0,YES,2026-07-19T15:00,2026-07-19T16:00,0.5833,23.8,82.4,64.9,0.94,0.5,0.6,0.6,Code 24,90.9,98.7,71.4,55.5,980.9,1013.2,66.7,33.6,0.014,83.2,1525.0,5.2,11.9,WNW,283.4,3.1,4.9,0.1,2.8,4.3,0.1,-4.1,2.5,0.5,0.92,0.98,0.94,0.1,1.1058,LIGHT,3215.0,OPEN,OPEN-AIR PARK,68.1,11.3,6.2,0.0,0.0,1.044,65.9,69.7,60.5,55.9,46.2,36.0,MODERATE,12.5,LOW,90.0,90.8,5.0,6.0
Texas Rangers @ Atlanta Braves,Texas Rangers,Atlanta Braves,Truist Park,+3 Hours,04:35 PM EDT,2026-07-19 08:19:12 UTC,2026-07-19 01:19:12 AM PDT,2026-07-19T06:27:06+00:00,112.1,12.3,5,5.67,1.44,13.11,6.6,0.6,100.0,0.0,YES,2026-07-19T16:00,2026-07-19T17:00,0.5833,31.6,79.3,64.0,0.94,0.5,0.6,0.6,Code 38,90.2,100.5,71.1,57.1,980.3,1012.6,48.3,32.8,0.016,91.2,1408.0,4.8,12.4,WNW,284.5,2.9,4.5,0.2,2.7,3.9,0.1,-3.7,2.4,0.5,0.92,0.98,0.94,0.1,1.1067,LIGHT,3187.0,OPEN,OPEN-AIR PARK,67.7,11.2,5.8,0.0,0.0,1.042,65.6,69.1,60.1,55.6,47.3,36.4,MODERATE,11.8,LOW,89.0,90.2,5.0,5.1
Pittsburgh Pirates @ Cleveland Guardians,Pittsburgh Pirates,Cleveland Guardians,Progressive Field,First Pitch,01:40 PM EDT,2026-07-19 08:19:13 UTC,2026-07-19 01:19:13 AM PDT,2026-07-19T07:42:58+00:00,36.3,9.3,5,2.7,1.54,0.14,9.1,1.1,0.0,100.0,YES,2026-07-19T13:00,2026-07-19T14:00,0.6667,15.5,91.0,36.0,0.92,0.2,0.3,0.3,Clear,75.6,79.1,58.1,55.9,998.2,1015.6,24.3,0.0,0.0,44.0,5.0,8.9,13.3,N,357.3,-8.9,-7.5,-7.1,-8.1,-6.3,-6.1,0.3,-7.2,1.1,0.9,0.97,0.92,0.12,1.1619,NEUTRAL,1611.0,OPEN,OPEN-AIR PARK,34.6,6.0,-21.7,-0.0,0.0,0.963,35.6,35.4,47.8,47.6,68.8,0.1,LOW,3.7,LOW,76.0,75.0,10.0,9.5
Pittsburgh Pirates @ Cleveland Guardians,Pittsburgh Pirates,Cleveland Guardians,Progressive Field,+1 Hour,02:40 PM EDT,2026-07-19 08:19:13 UTC,2026-07-19 01:19:13 AM PDT,2026-07-19T07:42:58+00:00,36.3,10.3,5,2.86,1.55,0.0,13.4,1.1,0.0,100.0,YES,2026-07-19T14:00,2026-07-19T15:00,0.6667,16.1,90.4,37.9,0.92,0.2,0.3,0.3,Clear,76.4,79.3,57.0,52.9,998.1,1015.5,4.2,0.0,0.0,38.3,2.0,8.2,12.4,N,354.9,-8.1,-7.0,-6.3,-7.4,-5.9,-5.4,0.6,-6.6,1.0,0.9,0.97,0.92,0.12,1.1606,NEUTRAL,1661.0,OPEN,OPEN-AIR PARK,36.6,6.1,-19.8,-0.0,0.0,0.968,37.7,37.2,48.5,48.0,68.0,0.0,LOW,4.2,LOW,77.0,75.6,9.0,8.8
Pittsburgh Pirates @ Cleveland Guardians,Pittsburgh Pirates,Cleveland Guardians,Progressive Field,+2 Hours,03:40 PM EDT,2026-07-19 08:19:13 UTC,2026-07-19 01:19:13 AM PDT,2026-07-19T07:42:58+00:00,36.3,11.3,5,2.73,1.5,0.0,18.5,1.1,0.0,100.0,YES,2026-07-19T15:00,2026-07-19T16:00,0.6667,15.4,90.7,39.3,0.92,0.2,0.3,0.3,Clear,76.4,78.4,56.2,50.9,998.0,1015.5,3.4,0.0,0.0,42.1,2.0,7.5,12.0,N,352.5,-7.5,-6.6,-5.6,-6.8,-5.6,-4.8,0.9,-6.1,0.9,0.9,0.97,0.92,0.12,1.1606,NEUTRAL,1667.0,OPEN,OPEN-AIR PARK,38.2,6.1,-18.2,-0.0,0.0,0.972,39.3,38.7,49.1,48.2,67.9,0.0,LOW,4.3,LOW,77.0,75.7,8.0,8.3
Pittsburgh Pirates @ Cleveland Guardians,Pittsburgh Pirates,Cleveland Guardians,Progressive Field,+3 Hours,04:40 PM EDT,2026-07-19 08:19:13 UTC,2026-07-19 01:19:13 AM PDT,2026-07-19T07:42:58+00:00,36.3,12.3,5,2.42,1.57,0.0,23.8,1.3,0.0,100.0,YES,2026-07-19T16:00,2026-07-19T17:00,0.6667,14.4,90.6,41.2,0.92,0.2,0.3,0.3,Clear,76.3,77.0,56.1,50.6,997.7,1015.1,5.6,0.0,0.0,47.4,2.0,6.7,11.1,N,350.6,-6.6,-6.0,-4.9,-6.0,-5.1,-4.2,1.0,-5.4,0.8,0.9,0.97,0.92,0.12,1.1605,NEUTRAL,1668.0,OPEN,OPEN-AIR PARK,40.3,6.1,-16.1,-0.0,0.0,0.977,41.4,40.6,49.7,48.4,68.1,0.0,LOW,5.3,LOW,77.0,75.4,7.0,7.5
Baltimore Orioles @ Houston Astros,Baltimore Orioles,Houston Astros,Daikin Park,First Pitch,01:10 PM CDT,2026-07-19 08:19:14 UTC,2026-07-19 01:19:14 AM PDT,2026-07-19T06:21:30+00:00,117.7,9.8,5,0.74,0.08,1.0,22.8,0.6,25.0,0.0,YES,2026-07-19T13:00,2026-07-19T14:00,0.1667,3.6,92.1,53.4,0.76,0.0,0.3,0.3,Clear,92.1,103.2,72.1,52.2,1014.1,1015.9,8.3,1.1,0.0,77.6,2244.0,3.0,5.7,WSW,237.0,0.0,-0.0,0.0,0.0,-0.0,0.0,0.0,0.0,0.0,0.86,0.9,0.87,0.1,1.1896,NEUTRAL,858.0,CLOSED,PROJECTED: TEMPERATURE,53.7,3.4,0.0,0.0,0.0,1.009,53.7,53.7,51.9,49.6,72.8,0.0,NONE (ROOF),11.4,LOW,94.0,90.7,5.0,3.0
Baltimore Orioles @ Houston Astros,Baltimore Orioles,Houston Astros,Daikin Park,+1 Hour,02:10 PM CDT,2026-07-19 08:19:14 UTC,2026-07-19 01:19:14 AM PDT,2026-07-19T06:21:30+00:00,117.7,10.8,5,1.16,0.1,1.0,31.2,0.9,43.8,56.2,YES,2026-07-19T14:00,2026-07-19T15:00,0.1667,5.3,91.3,53.3,0.76,0.0,0.3,0.3,Clear,94.1,104.8,71.4,48.1,1013.4,1015.2,8.2,1.1,0.0,91.5,2115.0,3.0,5.6,WSW,239.3,0.0,-0.0,0.0,0.0,-0.0,0.0,0.0,0.0,0.0,0.86,0.9,0.87,0.1,1.1896,NEUTRAL,858.0,CLOSED,PROJECTED: TEMPERATURE,53.7,3.4,0.0,0.0,0.0,1.009,53.7,53.7,51.9,49.6,72.8,0.0,NONE (ROOF),11.5,LOW,96.0,92.6,5.0,3.1
Baltimore Orioles @ Houston Astros,Baltimore Orioles,Houston Astros,Daikin Park,+2 Hours,03:10 PM CDT,2026-07-19 08:19:14 UTC,2026-07-19 01:19:14 AM PDT,2026-07-19T06:21:30+00:00,117.7,11.8,5,2.15,0.21,1.0,38.6,1.1,43.8,56.2,YES,2026-07-19T15:00,2026-07-19T16:00,0.1667,9.6,90.5,53.3,0.76,0.0,0.3,0.3,Clear,95.7,106.9,71.1,45.6,1012.7,1014.5,9.9,1.1,0.0,101.9,2126.0,3.0,5.7,WSW,237.5,0.0,-0.0,0.0,0.0,-0.0,0.0,0.0,0.0,0.0,0.86,0.9,0.87,0.1,1.1896,NEUTRAL,858.0,CLOSED,PROJECTED: TEMPERATURE,53.7,3.4,0.0,0.0,0.0,1.009,53.7,53.7,51.9,49.6,72.8,0.0,NONE (ROOF),9.4,LOW,97.0,94.7,5.0,3.1
Baltimore Orioles @ Houston Astros,Baltimore Orioles,Houston Astros,Daikin Park,+3 Hours,04:10 PM CDT,2026-07-19 08:19:14 UTC,2026-07-19 01:19:14 AM PDT,2026-07-19T06:21:30+00:00,117.7,12.8,5,3.01,0.47,1.0,42.9,1.3,43.8,56.2,YES,2026-07-19T16:00,2026-07-19T17:00,0.1667,13.8,91.0,53.3,0.76,0.0,0.3,0.3,Clear,96.4,107.6,71.2,44.3,1012.2,1013.9,15.5,1.1,0.0,100.5,2453.0,3.4,5.5,SW,233.0,0.0,-0.0,0.0,0.0,-0.0,0.0,0.0,0.0,0.0,0.86,0.9,0.87,0.1,1.1896,NEUTRAL,858.0,CLOSED,PROJECTED: TEMPERATURE,53.7,3.4,0.0,0.0,0.0,1.009,53.7,53.7,51.9,49.6,72.8,0.0,NONE (ROOF),5.0,LOW,97.0,96.0,5.0,4.0
San Diego Padres @ Kansas City Royals,San Diego Padres,Kansas City Royals,Kauffman Stadium,First Pitch,01:10 PM CDT,2026-07-19 08:19:15 UTC,2026-07-19 01:19:15 AM PDT,2026-07-19T07:06:18+00:00,73.0,9.8,5,1.96,1.14,4.69,81.4,0.8,0.0,75.0,YES,2026-07-19T13:00,2026-07-19T14:00,0.1667,12.9,86.6,56.4,1.03,0.5,0.4,0.4,Mostly clear,92.8,103.5,72.0,53.0,982.2,1012.8,39.0,36.8,0.0,85.5,1540.0,1.9,5.6,NNE,23.1,-1.7,-1.8,-1.0,-1.7,-1.7,-0.9,0.7,-1.5,0.1,0.98,1.03,0.99,0.07,1.1033,LIGHT,3290.0,OPEN,OPEN-AIR PARK,57.4,11.6,-4.6,-0.0,0.0,1.018,57.9,57.2,55.6,54.4,43.6,32.3,MODERATE,13.8,LOW,91.0,93.2,2.0,1.7
San Diego Padres @ Kansas City Royals,San Diego Padres,Kansas City Royals,Kauffman Stadium,+1 Hour,02:10 PM CDT,2026-07-19 08:19:15 UTC,2026-07-19 01:19:15 AM PDT,2026-07-19T07:06:18+00:00,73.0,10.8,5,1.79,1.19,8.39,47.5,1.4,56.2,18.8,YES,2026-07-19T14:00,2026-07-19T15:00,0.1667,13.7,85.3,61.9,1.03,0.5,0.4,0.4,Code 13,93.7,103.9,71.9,51.3,981.8,1012.3,54.0,34.4,0.001,88.8,1601.0,2.4,5.6,SSE,157.7,0.8,1.9,-0.6,0.8,1.8,-0.5,-2.2,0.7,0.2,0.98,1.03,0.99,0.07,1.1011,LIGHT,3363.0,OPEN,OPEN-AIR PARK,64.0,11.8,1.8,0.0,0.0,1.034,62.8,65.0,58.4,55.6,42.7,31.3,MODERATE,15.5,LOW,92.0,94.0,3.0,1.7
San Diego Padres @ Kansas City Royals,San Diego Padres,Kansas City Royals,Kauffman Stadium,+2 Hours,03:10 PM CDT,2026-07-19 08:19:15 UTC,2026-07-19 01:19:15 AM PDT,2026-07-19T07:06:18+00:00,73.0,11.8,5,1.46,1.18,13.15,28.6,1.5,56.2,18.8,YES,2026-07-19T15:00,2026-07-19T16:00,0.1667,14.0,86.4,60.2,1.03,0.5,0.4,0.4,Code 15,93.5,100.8,71.5,50.9,981.3,1011.9,92.0,32.8,0.001,89.5,1618.0,2.9,6.7,SE,134.3,-0.1,1.6,-1.7,-0.1,1.5,-1.7,-2.8,-0.1,0.2,0.98,1.03,0.99,0.07,1.101,LIGHT,3370.0,OPEN,OPEN-AIR PARK,61.8,11.8,-0.3,0.0,0.0,1.028,60.5,63.3,58.1,55.2,43.2,30.4,MODERATE,13.3,LOW,92.0,93.8,3.0,2.6
San Diego Padres @ Kansas City Royals,San Diego Padres,Kansas City Royals,Kauffman Stadium,+3 Hours,04:10 PM CDT,2026-07-19 08:19:15 UTC,2026-07-19 01:19:15 AM PDT,2026-07-19T07:06:18+00:00,73.0,12.8,5,1.07,1.3,14.77,26.5,1.5,56.2,18.8,YES,2026-07-19T16:00,2026-07-19T17:00,0.1667,13.4,88.8,64.6,1.03,0.5,0.4,0.4,Code 14,93.6,99.2,71.2,50.2,980.6,1011.2,86.6,42.4,0.002,91.9,1461.0,3.1,7.2,S,175.6,1.9,2.9,0.2,1.9,2.8,0.2,-2.3,1.7,0.2,0.98,1.03,0.99,0.07,1.1003,LIGHT,3396.0,OPEN,OPEN-AIR PARK,66.4,11.8,4.2,0.0,0.0,1.039,65.1,67.4,59.3,55.9,43.5,35.9,MODERATE,9.4,LOW,93.0,93.1,3.0,2.9
Miami Marlins @ Milwaukee Brewers,Miami Marlins,Milwaukee Brewers,American Family Field,First Pitch,01:10 PM CDT,2026-07-19 08:19:16 UTC,2026-07-19 01:19:16 AM PDT,2026-07-19T07:36:26+00:00,42.8,9.8,5,0.76,0.89,0.0,4.8,0.7,0.0,100.0,YES,2026-07-19T13:00,2026-07-19T14:00,0.1667,5.7,92.7,44.9,0.82,0.0,0.5,0.5,Clear,78.0,81.1,58.5,51.4,992.5,1016.9,4.6,0.0,0.0,61.8,2.0,7.2,11.3,E,89.9,-5.6,-7.2,-2.0,-4.8,-5.9,-1.7,4.4,-4.4,0.7,0.86,0.91,0.88,0.1,1.1503,LIGHT,1955.0,OPEN,PROJECTED: FAVORABLE,44.5,7.1,-13.1,-0.0,0.0,0.987,46.9,43.2,52.8,49.4,66.3,0.0,LOW,8.7,LOW,79.0,77.2,10.0,7.9
Miami Marlins @ Milwaukee Brewers,Miami Marlins,Milwaukee Brewers,American Family Field,+1 Hour,02:10 PM CDT,2026-07-19 08:19:16 UTC,2026-07-19 01:19:16 AM PDT,2026-07-19T07:36:26+00:00,42.8,10.8,5,0.67,1.23,0.0,6.8,1.0,0.0,100.0,YES,2026-07-19T14:00,2026-07-19T15:00,0.1667,6.4,93.5,44.0,0.82,0.0,0.5,0.5,Clear,78.2,80.6,57.9,49.7,992.1,1016.4,0.8,0.0,0.0,61.4,2.0,7.5,12.0,E,92.5,-6.1,-7.5,-2.4,-5.2,-6.1,-2.0,4.3,-4.7,0.8,0.86,0.91,0.88,0.1,1.1494,LIGHT,1986.0,OPEN,PROJECTED: FAVORABLE,43.6,7.2,-14.1,-0.0,0.0,0.985,46.0,42.3,52.6,49.2,66.0,0.0,LOW,6.6,LOW,79.0,77.6,10.0,8.5
Miami Marlins @ Milwaukee Brewers,Miami Marlins,Milwaukee Brewers,American Family Field,+2 Hours,03:10 PM CDT,2026-07-19 08:19:16 UTC,2026-07-19 01:19:16 AM PDT,2026-07-19T07:36:26+00:00,42.8,11.8,5,0.86,1.4,0.0,10.0,1.2,0.0,100.0,YES,2026-07-19T15:00,2026-07-19T16:00,0.1667,7.6,93.5,43.5,0.82,0.0,0.5,0.5,Clear,78.4,79.1,56.1,46.3,991.9,1016.1,3.5,0.0,0.0,70.0,0.0,7.6,12.2,E,95.2,-6.3,-7.6,-2.8,-5.4,-6.2,-2.3,4.1,-4.9,0.8,0.86,0.91,0.88,0.1,1.1491,LIGHT,2011.0,OPEN,PROJECTED: FAVORABLE,43.0,7.2,-14.7,-0.0,0.0,0.983,45.4,41.9,52.3,49.0,65.7,0.0,LOW,5.6,LOW,79.0,78.0,10.0,8.7
Miami Marlins @ Milwaukee Brewers,Miami Marlins,Milwaukee Brewers,American Family Field,+3 Hours,04:10 PM CDT,2026-07-19 08:19:16 UTC,2026-07-19 01:19:16 AM PDT,2026-07-19T07:36:26+00:00,42.8,12.8,5,0.96,1.25,0.0,12.5,1.2,0.0,100.0,YES,2026-07-19T16:00,2026-07-19T17:00,0.1667,7.6,93.3,43.8,0.82,0.0,0.5,0.5,Clear,78.7,78.1,54.5,43.8,991.2,1015.5,20.9,0.0,0.0,78.3,0.0,7.4,11.9,E,96.6,-6.2,-7.3,-2.8,-5.3,-6.0,-2.4,3.8,-4.8,0.7,0.86,0.91,0.88,0.1,1.1483,LIGHT,2046.0,OPEN,PROJECTED: FAVORABLE,43.3,7.3,-14.4,-0.0,0.0,0.984,45.5,42.3,52.2,49.0,65.5,0.0,LOW,6.0,LOW,79.0,78.4,10.0,8.1
Minnesota Twins @ Chicago Cubs,Minnesota Twins,Chicago Cubs,Wrigley Field,First Pitch,01:20 PM CDT,2026-07-19 08:19:17 UTC,2026-07-19 01:19:17 AM PDT,2026-07-19T06:21:22+00:00,117.9,10.0,5,1.03,1.37,0.0,3.9,1.3,0.0,100.0,YES,2026-07-19T13:00,2026-07-19T14:00,0.3333,8.2,89.3,38.0,1.18,0.0,1.8,1.8,Clear,73.5,75.4,62.1,67.7,1011.3,1016.7,12.1,0.0,0.0,47.5,0.0,8.1,15.2,NE,50.4,-7.9,-5.5,-7.5,-7.5,-4.2,-6.0,-1.7,-6.4,2.3,0.92,1.12,0.94,0.28,1.1809,NEUTRAL,1022.0,OPEN,OPEN-AIR PARK,36.6,4.2,-19.3,-0.1,0.0,0.968,37.0,38.5,48.7,48.0,71.0,0.0,LOW,12.8,LOW,75.0,72.4,5.0,8.4
Minnesota Twins @ Chicago Cubs,Minnesota Twins,Chicago Cubs,Wrigley Field,+1 Hour,02:20 PM CDT,2026-07-19 08:19:17 UTC,2026-07-19 01:19:17 AM PDT,2026-07-19T06:21:22+00:00,117.9,11.0,5,0.99,1.07,0.0,4.8,1.0,0.0,100.0,YES,2026-07-19T14:00,2026-07-19T15:00,0.3333,7.2,90.8,38.7,1.18,0.0,1.8,1.8,Clear,73.8,76.2,62.0,66.3,1011.0,1016.4,7.9,0.0,0.0,50.1,0.0,7.8,14.6,NE,50.0,-7.6,-5.3,-7.2,-7.2,-4.1,-5.7,-1.5,-6.2,2.2,0.92,1.12,0.94,0.28,1.18,NEUTRAL,1053.0,OPEN,OPEN-AIR PARK,37.5,4.3,-18.5,-0.1,0.0,0.97,37.9,39.4,48.8,48.1,70.8,0.0,LOW,10.8,LOW,75.0,73.0,5.0,7.9
Minnesota Twins @ Chicago Cubs,Minnesota Twins,Chicago Cubs,Wrigley Field,+2 Hours,03:20 PM CDT,2026-07-19 08:19:17 UTC,2026-07-19 01:19:17 AM PDT,2026-07-19T06:21:22+00:00,117.9,12.0,5,0.9,0.91,0.0,3.9,0.9,0.0,100.0,YES,2026-07-19T15:00,2026-07-19T16:00,0.3333,6.3,92.2,39.2,1.18,0.0,1.8,1.8,Clear,74.0,76.2,61.4,64.3,1010.7,1016.0,5.2,0.0,0.0,53.6,0.0,7.4,13.9,NE,46.3,-7.3,-5.4,-6.7,-7.0,-4.2,-5.3,-1.0,-6.0,2.1,0.92,1.12,0.94,0.28,1.1792,NEUTRAL,1080.0,OPEN,OPEN-AIR PARK,38.3,4.4,-17.9,-0.0,0.0,0.972,38.9,39.9,48.7,48.2,70.5,0.0,LOW,9.0,LOW,75.0,73.4,5.0,7.4
Minnesota Twins @ Chicago Cubs,Minnesota Twins,Chicago Cubs,Wrigley Field,+3 Hours,04:20 PM CDT,2026-07-19 08:19:17 UTC,2026-07-19 01:19:17 AM PDT,2026-07-19T06:21:22+00:00,117.9,13.0,5,0.82,0.93,0.0,3.9,0.9,0.0,100.0,YES,2026-07-19T16:00,2026-07-19T17:00,0.3333,6.0,92.9,39.4,1.18,0.0,1.8,1.8,Clear,74.2,74.6,60.4,61.8,1010.0,1015.3,20.0,0.0,0.0,58.9,0.0,7.3,13.4,NE,41.7,-7.2,-5.6,-6.2,-6.9,-4.4,-4.9,-0.5,-5.9,2.0,0.92,1.12,0.94,0.28,1.1784,NEUTRAL,1112.0,OPEN,OPEN-AIR PARK,38.6,4.4,-17.6,-0.0,0.0,0.973,39.5,40.0,48.5,48.2,70.4,0.0,LOW,8.0,LOW,75.0,73.6,5.0,7.1
Cincinnati Reds @ Colorado Rockies,Cincinnati Reds,Colorado Rockies,Coors Field,First Pitch,01:10 PM MDT,2026-07-19 08:19:18 UTC,2026-07-19 01:19:18 AM PDT,2026-07-19T06:46:30+00:00,92.8,10.8,5,0.14,1.69,0.0,12.7,1.3,0.0,56.2,YES,2026-07-19T13:00,2026-07-19T14:00,0.1667,5.6,93.5,71.4,1.05,0.5,4.0,4.0,Clear,95.3,97.2,45.5,19.0,845.7,1006.8,0.3,0.0,0.0,164.2,53.0,5.3,12.2,E,82.2,-1.2,2.0,-3.9,-1.2,1.9,-3.8,-5.1,-1.1,0.4,1.0,1.04,1.0,0.08,0.9512,VERY LIGHT,8464.0,OPEN,OPEN-AIR PARK,72.8,22.0,-3.2,-0.0,0.0,1.055,70.4,75.5,64.4,53.0,47.2,0.5,LOW,7.2,LOW,93.0,96.0,5.0,5.1
Cincinnati Reds @ Colorado Rockies,Cincinnati Reds,Colorado Rockies,Coors Field,+1 Hour,02:10 PM MDT,2026-07-19 08:19:18 UTC,2026-07-19 01:19:18 AM PDT,2026-07-19T06:46:30+00:00,92.8,11.8,5,0.23,1.85,0.0,17.8,1.8,0.0,100.0,YES,2026-07-19T14:00,2026-07-19T15:00,0.1667,6.5,94.2,68.4,1.05,0.5,4.0,4.0,Clear,97.4,97.9,43.9,16.5,845.3,1005.8,2.0,0.8,0.0,175.0,39.0,5.6,12.8,ENE,69.4,-2.4,0.9,-4.8,-2.4,0.9,-4.6,-4.9,-2.2,0.4,1.0,1.04,1.0,0.08,0.9473,VERY LIGHT,8624.0,OPEN,OPEN-AIR PARK,69.5,22.0,-6.5,-0.0,0.0,1.047,67.3,72.3,63.4,52.7,44.8,0.8,LOW,5.2,LOW,96.0,97.6,5.0,5.5
Cincinnati Reds @ Colorado Rockies,Cincinnati Reds,Colorado Rockies,Coors Field,+2 Hours,03:10 PM MDT,2026-07-19 08:19:18 UTC,2026-07-19 01:19:18 AM PDT,2026-07-19T06:46:30+00:00,92.8,12.8,5,0.48,1.58,0.0,11.5,1.1,0.0,100.0,YES,2026-07-19T15:00,2026-07-19T16:00,0.1667,6.7,93.6,67.6,1.05,0.5,4.0,4.0,Clear,98.5,98.4,42.5,15.1,844.6,1004.7,13.3,0.8,0.0,181.0,53.0,5.7,13.5,ENE,67.3,-2.7,0.7,-5.1,-2.6,0.7,-4.9,-5.0,-2.4,0.5,1.0,1.04,1.0,0.08,0.9449,VERY LIGHT,8724.0,OPEN,OPEN-AIR PARK,68.8,22.0,-7.2,-0.0,0.0,1.045,66.6,71.6,63.3,52.7,43.6,1.0,LOW,6.2,LOW,97.0,98.8,5.0,5.8
Cincinnati Reds @ Colorado Rockies,Cincinnati Reds,Colorado Rockies,Coors Field,+3 Hours,04:10 PM MDT,2026-07-19 08:19:18 UTC,2026-07-19 01:19:18 AM PDT,2026-07-19T06:46:30+00:00,92.8,13.8,5,0.53,2.22,0.0,70.7,2.8,56.2,43.8,YES,2026-07-19T16:00,2026-07-19T17:00,0.1667,8.8,92.5,76.7,1.05,0.5,4.0,4.0,Clear,98.4,98.8,41.8,14.8,843.7,1003.6,27.4,0.8,0.0,183.1,33.0,4.6,13.0,ESE,111.2,1.3,3.6,-1.5,1.3,3.4,-1.4,-4.3,1.2,0.4,1.0,1.04,1.0,0.08,0.9441,VERY LIGHT,8752.0,OPEN,OPEN-AIR PARK,78.8,22.0,2.8,0.0,0.0,1.069,76.5,80.9,65.7,54.2,43.8,0.8,LOW,6.5,LOW,97.0,98.6,5.0,3.9
Washington Nationals @ Athletics,Washington Nationals,Athletics,Sutter Health Park,First Pitch,01:05 PM PDT,2026-07-19 08:19:20 UTC,2026-07-19 01:19:20 AM PDT,2026-07-19T06:31:31+00:00,107.8,11.8,5,4.19,1.19,1.8,23.4,1.2,100.0,0.0,YES,2026-07-19T13:00,2026-07-19T14:00,0.0833,20.9,85.2,64.5,1.08,2.0,1.5,1.5,Partly cloudy,90.0,93.8,50.0,29.3,1011.8,1012.5,82.8,0.6,0.0,163.9,0.0,3.8,8.5,WSW,253.0,3.6,2.3,3.7,3.8,2.2,3.6,1.2,3.4,0.4,1.02,1.1,1.03,0.1,1.149,LIGHT,2093.0,OPEN,OPEN-AIR PARK,67.0,7.2,8.3,0.0,0.0,1.041,67.2,65.9,57.3,54.4,53.0,0.3,LOW,9.9,LOW,86.0,89.4,3.0,4.0
Washington Nationals @ Athletics,Washington Nationals,Athletics,Sutter Health Park,+1 Hour,02:05 PM PDT,2026-07-19 08:19:20 UTC,2026-07-19 01:19:20 AM PDT,2026-07-19T06:31:31+00:00,107.8,12.8,5,3.92,1.65,2.54,21.8,1.9,100.0,0.0,YES,2026-07-19T14:00,2026-07-19T15:00,0.0833,21.5,84.0,66.5,1.08,2.0,1.5,1.5,Partly cloudy,92.7,94.5,49.2,25.9,1011.1,1011.8,79.0,0.8,0.0,166.5,0.0,4.6,9.9,WSW,239.4,4.5,3.5,3.9,4.7,3.4,3.8,0.4,4.2,0.5,1.02,1.1,1.03,0.1,1.1426,LIGHT,2299.0,OPEN,OPEN-AIR PARK,69.7,7.8,10.3,0.0,0.0,1.047,69.3,68.9,58.1,55.2,50.0,0.5,LOW,11.5,LOW,89.0,92.0,3.0,5.2
Washington Nationals @ Athletics,Washington Nationals,Athletics,Sutter Health Park,+2 Hours,03:05 PM PDT,2026-07-19 08:19:20 UTC,2026-07-19 01:19:20 AM PDT,2026-07-19T06:31:31+00:00,107.8,13.8,5,2.89,2.22,1.89,19.4,2.4,100.0,0.0,YES,2026-07-19T15:00,2026-07-19T16:00,0.0833,18.9,86.1,70.7,1.08,2.0,1.5,1.5,Partly cloudy,94.6,93.7,47.3,22.5,1010.4,1011.1,73.4,1.0,0.0,176.6,2.0,6.3,12.0,SW,227.9,6.3,5.6,4.7,6.5,5.4,4.6,-0.7,5.8,0.6,1.02,1.1,1.03,0.1,1.1383,LIGHT,2449.0,OPEN,OPEN-AIR PARK,74.0,8.2,14.3,0.0,0.0,1.058,72.9,73.6,59.8,56.1,47.9,0.6,LOW,9.9,LOW,91.0,93.8,5.0,6.5
Washington Nationals @ Athletics,Washington Nationals,Athletics,Sutter Health Park,+3 Hours,04:05 PM PDT,2026-07-19 08:19:20 UTC,2026-07-19 01:19:20 AM PDT,2026-07-19T06:31:31+00:00,107.8,14.8,5,1.35,2.48,1.43,15.2,2.7,100.0,0.0,YES,2026-07-19T16:00,2026-07-19T17:00,0.0833,13.3,89.3,73.4,1.08,2.0,1.5,1.5,Partly cloudy,95.3,91.5,46.2,20.9,1009.8,1010.4,81.5,0.8,0.0,171.1,2.0,7.3,13.6,SW,224.3,7.1,6.6,5.1,7.4,6.4,5.0,-1.3,6.6,0.7,1.02,1.1,1.03,0.1,1.1363,LIGHT,2516.0,OPEN,OPEN-AIR PARK,76.2,8.4,16.3,0.0,0.0,1.063,74.7,75.9,60.7,56.5,47.1,0.5,LOW,8.5,LOW,92.0,94.3,6.0,7.3
Detroit Tigers @ Los Angeles Angels,Detroit Tigers,Los Angeles Angels,Angel Stadium,First Pitch,01:07 PM PDT,2026-07-19 08:19:21 UTC,2026-07-19 01:19:21 AM PDT,2026-07-19T07:03:33+00:00,75.8,11.8,5,3.42,0.34,0.5,7.0,0.3,100.0,0.0,YES,2026-07-19T13:00,2026-07-19T14:00,0.1167,14.9,90.3,70.2,0.9,0.5,0.2,0.0,Clear,83.7,93.0,65.3,55.5,1010.6,1013.3,11.5,1.6,0.0,69.2,0.0,8.0,12.2,SW,230.2,8.0,6.1,7.0,7.2,5.2,6.1,0.8,6.5,0.6,0.89,0.94,0.91,0.08,1.157,LIGHT,1718.0,OPEN,OPEN-AIR PARK,72.4,6.5,15.9,0.0,0.0,1.054,72.0,71.2,59.5,55.8,59.7,0.9,LOW,5.4,LOW,83.0,83.3,10.0,8.1
Detroit Tigers @ Los Angeles Angels,Detroit Tigers,Los Angeles Angels,Angel Stadium,+1 Hour,02:07 PM PDT,2026-07-19 08:19:21 UTC,2026-07-19 01:19:21 AM PDT,2026-07-19T07:03:33+00:00,75.8,12.8,5,3.27,0.69,0.5,8.4,0.5,100.0,0.0,YES,2026-07-19T14:00,2026-07-19T15:00,0.1167,15.3,90.7,71.0,0.9,0.5,0.2,0.0,Clear,83.8,92.0,64.8,54.0,1010.1,1012.8,10.1,1.6,0.0,72.2,0.0,8.4,13.4,SW,230.8,8.4,6.3,7.4,7.5,5.4,6.5,1.0,6.8,0.7,0.89,0.94,0.91,0.08,1.1564,LIGHT,1743.0,OPEN,OPEN-AIR PARK,73.2,6.5,16.7,0.0,0.0,1.056,72.9,71.9,59.8,56.0,59.8,0.9,LOW,4.4,LOW,83.0,83.5,10.0,8.8
Detroit Tigers @ Los Angeles Angels,Detroit Tigers,Los Angeles Angels,Angel Stadium,+2 Hours,03:07 PM PDT,2026-07-19 08:19:21 UTC,2026-07-19 01:19:21 AM PDT,2026-07-19T07:03:33+00:00,75.8,13.8,5,2.2,0.9,0.56,8.8,0.6,100.0,0.0,YES,2026-07-19T15:00,2026-07-19T16:00,0.1167,11.7,91.4,71.4,0.9,0.5,0.2,0.0,Clear,83.7,89.2,64.7,53.6,1009.5,1012.3,9.6,1.6,0.0,65.5,0.0,8.5,13.8,SW,230.2,8.5,6.4,7.4,7.6,5.5,6.5,0.9,6.9,0.7,0.89,0.94,0.91,0.08,1.156,LIGHT,1754.0,OPEN,OPEN-AIR PARK,73.4,6.6,16.8,0.0,0.0,1.056,73.0,72.1,59.9,56.0,60.0,0.9,LOW,6.1,LOW,84.0,82.5,10.0,9.0
Detroit Tigers @ Los Angeles Angels,Detroit Tigers,Los Angeles Angels,Angel Stadium,+3 Hours,04:07 PM PDT,2026-07-19 08:19:21 UTC,2026-07-19 01:19:21 AM PDT,2026-07-19T07:03:33+00:00,75.8,14.8,5,1.32,0.82,1.0,8.7,0.5,100.0,0.0,YES,2026-07-19T16:00,2026-07-19T17:00,0.1167,8.1,91.3,71.0,0.9,0.5,0.2,0.0,Clear,83.0,86.2,64.8,55.3,1009.1,1011.8,5.0,1.6,0.0,60.8,0.0,8.3,13.6,SW,229.0,8.3,6.4,7.2,7.5,5.4,6.3,0.7,6.7,0.7,0.89,0.94,0.91,0.08,1.1569,LIGHT,1723.0,OPEN,OPEN-AIR PARK,73.0,6.5,16.5,0.0,0.0,1.055,72.5,71.8,59.7,55.8,60.7,0.9,LOW,9.2,LOW,84.0,81.4,10.0,8.6
San Francisco Giants @ Seattle Mariners,San Francisco Giants,Seattle Mariners,T-Mobile Park,First Pitch,01:10 PM PDT,2026-07-19 08:19:22 UTC,2026-07-19 01:19:22 AM PDT,2026-07-19T06:26:43+00:00,112.7,11.8,5,1.02,0.56,0.0,8.3,0.7,0.0,100.0,YES,2026-07-19T13:00,2026-07-19T14:00,0.1667,5.8,96.0,48.0,0.72,-1.0,-0.8,-1.6,Clear,70.4,75.2,57.6,61.9,1013.0,1019.1,2.5,0.0,0.0,61.1,0.0,5.8,9.7,NNW,337.3,-1.8,-4.6,1.7,-1.4,-3.3,1.2,5.2,-1.2,1.0,0.8,0.86,0.82,0.18,1.191,NEUTRAL,763.0,OPEN,PROJECTED: DRY,47.9,3.2,-3.7,-0.0,0.0,0.995,50.2,46.1,53.4,49.4,74.5,0.0,LOW,2.6,LOW,71.0,71.8,8.0,8.0
San Francisco Giants @ Seattle Mariners,San Francisco Giants,Seattle Mariners,T-Mobile Park,+1 Hour,02:10 PM PDT,2026-07-19 08:19:22 UTC,2026-07-19 01:19:22 AM PDT,2026-07-19T06:26:43+00:00,112.7,12.8,5,0.99,0.7,0.0,7.9,0.7,0.0,100.0,YES,2026-07-19T14:00,2026-07-19T15:00,0.1667,6.1,95.0,47.9,0.72,-1.0,-0.8,-1.6,Clear,71.7,76.3,57.3,58.6,1012.5,1018.5,0.7,0.0,0.0,66.3,0.0,6.3,10.4,NNW,337.7,-2.0,-5.1,1.8,-1.5,-3.7,1.3,5.7,-1.4,1.1,0.8,0.86,0.82,0.18,1.1877,NEUTRAL,863.0,OPEN,PROJECTED: DRY,47.8,3.5,-4.1,-0.0,0.0,0.995,50.3,45.8,53.7,49.5,73.2,0.0,LOW,4.1,LOW,72.0,73.2,9.0,8.6
San Francisco Giants @ Seattle Mariners,San Francisco Giants,Seattle Mariners,T-Mobile Park,+2 Hours,03:10 PM PDT,2026-07-19 08:19:22 UTC,2026-07-19 01:19:22 AM PDT,2026-07-19T06:26:43+00:00,112.7,13.8,5,1.01,0.78,0.0,6.3,0.6,0.0,100.0,YES,2026-07-19T15:00,2026-07-19T16:00,0.1667,6.4,96.3,47.8,0.72,-1.0,-0.8,-1.6,Clear,73.0,76.4,56.8,55.6,1011.8,1017.8,0.5,0.0,0.0,69.9,0.0,6.5,10.9,NNW,339.3,-2.2,-5.3,1.7,-1.7,-3.8,1.2,5.8,-1.5,1.2,0.8,0.86,0.82,0.18,1.184,NEUTRAL,975.0,OPEN,PROJECTED: DRY,47.7,3.9,-4.6,-0.0,0.0,0.994,50.2,45.6,53.8,49.6,71.7,0.0,LOW,1.5,LOW,74.0,74.1,9.0,9.1
San Francisco Giants @ Seattle Mariners,San Francisco Giants,Seattle Mariners,T-Mobile Park,+3 Hours,04:10 PM PDT,2026-07-19 08:19:22 UTC,2026-07-19 01:19:22 AM PDT,2026-07-19T06:26:43+00:00,112.7,14.8,5,0.95,0.69,0.0,4.4,0.5,0.0,100.0,YES,2026-07-19T16:00,2026-07-19T17:00,0.1667,5.9,95.2,47.4,0.72,-1.0,-0.8,-1.6,Clear,73.7,75.6,56.2,53.0,1011.2,1017.1,0.2,0.0,0.0,73.3,0.0,6.9,11.1,NNW,340.6,-2.5,-5.7,1.6,-1.9,-4.1,1.2,6.1,-1.7,1.2,0.8,0.86,0.82,0.18,1.182,NEUTRAL,1040.0,OPEN,PROJECTED: DRY,47.3,4.1,-5.2,-0.0,0.0,0.994,50.0,45.1,53.9,49.6,70.9,0.0,LOW,3.8,LOW,75.0,74.5,10.0,9.2
St. Louis Cardinals @ Arizona Diamondbacks,St. Louis Cardinals,Arizona Diamondbacks,Chase Field,First Pitch,01:10 PM MST,2026-07-19 08:19:23 UTC,2026-07-19 01:19:23 AM PDT,2026-07-19T06:46:28+00:00,92.9,11.8,5,5.2,1.69,1.14,18.4,0.6,56.2,18.8,YES,2026-07-19T13:00,2026-07-19T14:00,0.1667,26.3,85.4,53.2,0.74,0.0,0.4,0.4,Clear,98.4,108.2,63.6,34.0,973.0,1010.2,32.5,1.8,0.0,143.0,321.0,3.2,5.4,WSW,257.7,0.0,-0.0,0.0,0.0,-0.0,0.0,0.0,0.0,0.0,0.9,0.92,0.9,0.08,1.1896,NEUTRAL,858.0,CLOSED,PROJECTED: TEMPERATURE,53.8,3.4,0.0,0.0,0.0,1.009,53.8,53.8,51.9,49.6,72.8,0.0,NONE (ROOF),5.1,LOW,98.0,98.7,5.0,3.6
St. Louis Cardinals @ Arizona Diamondbacks,St. Louis Cardinals,Arizona Diamondbacks,Chase Field,+1 Hour,02:10 PM MST,2026-07-19 08:19:23 UTC,2026-07-19 01:19:23 AM PDT,2026-07-19T06:46:28+00:00,92.9,12.8,5,4.79,1.88,1.79,10.1,0.1,0.0,25.0,YES,2026-07-19T14:00,2026-07-19T15:00,0.1667,25.4,85.2,53.2,0.74,0.0,0.4,0.4,Mostly clear,99.3,108.4,63.2,32.1,972.1,1009.0,36.0,2.9,0.0,148.3,344.0,3.5,6.2,W,267.6,0.0,-0.0,0.0,0.0,-0.0,0.0,0.0,0.0,0.0,0.9,0.92,0.9,0.08,1.1896,NEUTRAL,858.0,CLOSED,PROJECTED: TEMPERATURE,53.8,3.4,0.0,0.0,0.0,1.009,53.8,53.8,51.9,49.6,72.8,0.0,NONE (ROOF),6.2,LOW,98.0,100.2,5.0,4.6
St. Louis Cardinals @ Arizona Diamondbacks,St. Louis Cardinals,Arizona Diamondbacks,Chase Field,+2 Hours,03:10 PM MST,2026-07-19 08:19:23 UTC,2026-07-19 01:19:23 AM PDT,2026-07-19T06:46:28+00:00,92.9,13.8,5,4.42,2.49,2.95,29.3,0.5,0.0,25.0,YES,2026-07-19T15:00,2026-07-19T16:00,0.1667,26.2,85.4,53.2,0.74,0.0,0.4,0.4,Mostly clear,100.4,106.2,62.5,30.3,971.1,1008.0,37.8,4.1,0.0,151.2,344.0,4.2,8.1,W,272.8,-0.0,-0.0,0.0,-0.0,-0.0,0.0,0.0,0.0,0.0,0.9,0.92,0.9,0.08,1.1896,NEUTRAL,858.0,CLOSED,PROJECTED: TEMPERATURE,53.8,3.4,0.0,0.0,0.0,1.009,53.8,53.8,51.9,49.6,72.8,0.0,NONE (ROOF),5.1,LOW,100.0,100.7,5.0,6.3
St. Louis Cardinals @ Arizona Diamondbacks,St. Louis Cardinals,Arizona Diamondbacks,Chase Field,+3 Hours,04:10 PM MST,2026-07-19 08:19:23 UTC,2026-07-19 01:19:23 AM PDT,2026-07-19T06:46:28+00:00,92.9,14.8,5,4.02,1.5,4.58,46.2,1.4,56.2,43.8,YES,2026-07-19T16:00,2026-07-19T17:00,0.1667,22.2,87.0,53.3,0.74,0.0,0.4,0.4,Mostly clear,100.4,104.6,62.0,29.6,970.4,1007.3,41.1,5.0,0.0,153.2,348.0,4.3,8.4,W,268.8,0.0,-0.0,0.0,0.0,-0.0,0.0,0.0,0.0,0.0,0.9,0.92,0.9,0.08,1.1896,NEUTRAL,858.0,CLOSED,PROJECTED: TEMPERATURE,53.8,3.4,0.0,0.0,0.0,1.009,53.8,53.8,51.9,49.6,72.8,0.0,NONE (ROOF),5.4,LOW,100.0,100.6,5.0,6.5
Los Angeles Dodgers @ New York Yankees,Los Angeles Dodgers,New York Yankees,Yankee Stadium,First Pitch,07:20 PM EDT,2026-07-19 08:19:24 UTC,2026-07-19 01:19:24 AM PDT,2026-07-19T06:21:34+00:00,117.8,15.0,5,1.58,2.14,0.0,4.0,0.8,100.0,0.0,YES,2026-07-19T19:00,2026-07-19T20:00,0.3333,12.8,93.1,62.0,0.92,0.5,1.2,0.9,Clear,78.3,74.9,52.3,41.9,1008.8,1011.4,3.5,0.0,0.0,114.2,1.0,6.5,13.8,NW,314.8,3.3,-0.5,5.9,3.0,-0.4,5.2,5.4,2.7,0.8,0.88,0.97,0.95,0.12,1.1699,NEUTRAL,1426.0,OPEN,OPEN-AIR PARK,62.9,5.2,6.7,0.0,0.0,1.031,65.1,60.0,58.2,52.2,65.9,0.0,LOW,2.0,LOW,78.0,77.7,7.0,7.1
Los Angeles Dodgers @ New York Yankees,Los Angeles Dodgers,New York Yankees,Yankee Stadium,+1 Hour,08:20 PM EDT,2026-07-19 08:19:24 UTC,2026-07-19 01:19:24 AM PDT,2026-07-19T06:21:34+00:00,117.8,16.0,5,0.96,1.37,0.0,5.5,0.3,100.0,0.0,YES,2026-07-19T20:00,2026-07-19T21:00,0.3333,7.9,93.0,59.9,0.92,0.5,1.2,0.9,Clear,75.4,71.6,53.1,47.1,1009.5,1012.1,0.4,0.0,0.0,95.2,0.0,5.2,12.9,NW,316.4,2.5,-0.5,4.7,2.3,-0.4,4.1,4.4,2.1,0.6,0.88,0.97,0.95,0.12,1.1769,NEUTRAL,1212.0,OPEN,OPEN-AIR PARK,60.6,4.6,5.1,0.0,0.0,1.025,62.5,58.3,56.7,51.4,69.0,0.0,LOW,6.3,LOW,76.0,74.2,6.0,5.3
Los Angeles Dodgers @ New York Yankees,Los Angeles Dodgers,New York Yankees,Yankee Stadium,+2 Hours,09:20 PM EDT,2026-07-19 08:19:24 UTC,2026-07-19 01:19:24 AM PDT,2026-07-19T06:21:34+00:00,117.8,17.0,5,1.58,1.1,0.0,4.7,0.1,100.0,0.0,YES,2026-07-19T21:00,2026-07-19T22:00,0.3333,9.6,89.3,58.6,0.92,0.5,1.2,0.9,Clear,73.2,68.2,54.1,52.1,1010.0,1012.7,0.3,0.0,0.0,73.6,0.0,5.0,11.0,NW,318.4,2.3,-0.7,4.4,2.1,-0.6,3.9,4.3,1.9,0.6,0.88,0.97,0.95,0.12,1.1823,NEUTRAL,1043.0,OPEN,OPEN-AIR PARK,59.6,4.1,4.6,0.0,0.0,1.023,61.4,57.4,56.2,51.0,71.5,0.0,LOW,11.6,LOW,75.0,71.0,6.0,5.0
Los Angeles Dodgers @ New York Yankees,Los Angeles Dodgers,New York Yankees,Yankee Stadium,+3 Hours,10:20 PM EDT,2026-07-19 08:19:24 UTC,2026-07-19 01:19:24 AM PDT,2026-07-19T06:21:34+00:00,117.8,18.0,5,2.13,1.01,0.0,6.4,0.1,100.0,0.0,YES,2026-07-19T22:00,2026-07-19T23:00,0.3333,11.5,87.3,57.9,0.92,0.5,1.2,0.9,Clear,71.1,66.3,54.9,57.5,1010.5,1013.2,0.2,0.0,0.0,60.0,0.0,5.4,10.3,NW,321.4,2.2,-1.0,4.7,2.0,-0.8,4.1,4.8,1.9,0.7,0.88,0.97,0.95,0.12,1.1872,NEUTRAL,892.0,OPEN,OPEN-AIR PARK,59.0,3.6,4.5,0.0,0.0,1.022,61.1,56.6,56.2,50.7,73.8,0.0,LOW,13.7,LOW,73.0,68.9,7.0,5.0
