Game,Away,Home,Stadium,Period,Target Local,Forecast Run UTC,Forecast Run PT,NWS Forecast Updated,Forecast Age Minutes,Hours Until Game,Models Available,Temperature Model Spread F,Wind Model Spread MPH,Precip Model Spread Pct,Ensemble Disagreement Score,Weather Confidence %,Confidence-Adjusted HR Score,Park Wind Exposure,Park Temperature Offset F,Park Carry Bias,Microclimate Adjustment,Conditions,Temp F,Feels Like F,Dew Point F,RH %,Surface Pressure hPa,Sea Level Pressure hPa,Cloud Cover %,Precip %,Precip Inches,Visibility Miles,CAPE J/kg,Wind MPH,Wind Gust MPH,Wind From,Wind From Degrees,Wind Toward CF MPH,Wind Toward LF MPH,Wind Toward RF MPH,Crosswind MPH,Air Density kg/m3,Air Density Class,Density Altitude Ft,Roof Status,Roof Basis,HR Carry Score,Carry Multiplier,LHB Carry Score,RHB Carry Score,XBH Score,Run Environment Score,Pitching Comfort Score,Delay Risk Score,Delay Risk,Forecast Uncertainty Score,Forecast Uncertainty,NWS Temp F,Model Temp F,NWS Wind MPH,Model Wind MPH
Philadelphia Phillies @ Detroit Tigers,Philadelphia Phillies,Detroit Tigers,Comerica Park,First Pitch,06:40 PM EDT,2026-07-10 21:24:03 UTC,2026-07-10 02:24:03 PM PDT,2026-07-10T20:25:01+00:00,59.0,1.3,5,0.83,1.39,37.83,20.7,87.2,63.6,0.92,0.0,0.0,0.0,Code 15,81.0,86.6,67.8,64.0,990.5,1012.0,83.6,23.2,0.004,57.7,876.0,4.0,7.1,ENE,67.5,-3.7,-2.1,-3.9,-1.5,1.1386,LIGHT,2227.0,OPEN,OPEN-AIR PARK,65.6,1.037,65.4,67.0,50.4,51.7,60.4,23.2,MODERATE,6.4,LOW,81.0,81.0,6.0,2.9
Philadelphia Phillies @ Detroit Tigers,Philadelphia Phillies,Detroit Tigers,Comerica Park,+1 Hour,07:40 PM EDT,2026-07-10 21:24:03 UTC,2026-07-10 02:24:03 PM PDT,2026-07-10T20:25:01+00:00,59.0,2.3,5,0.71,1.4,32.03,18.3,89.5,61.3,0.92,0.0,0.0,0.0,Code 15,78.7,82.7,68.0,69.6,990.7,1012.3,99.5,21.7,0.004,43.2,821.0,4.8,7.4,ENE,67.5,-4.4,-2.6,-4.6,-1.8,1.1436,LIGHT,2069.0,OPEN,OPEN-AIR PARK,62.6,1.03,62.4,64.2,49.7,50.8,62.7,21.9,MODERATE,4.2,LOW,79.0,78.5,6.0,4.5
Philadelphia Phillies @ Detroit Tigers,Philadelphia Phillies,Detroit Tigers,Comerica Park,+2 Hours,08:40 PM EDT,2026-07-10 21:24:03 UTC,2026-07-10 02:24:03 PM PDT,2026-07-10T20:25:01+00:00,59.0,3.3,5,1.35,0.83,21.03,15.2,91.1,59.3,0.92,0.0,0.0,0.0,Partly cloudy,76.6,80.2,68.1,74.7,990.8,1012.5,100.0,20.4,0.0,34.9,785.0,5.0,9.1,NE,45.0,-5.0,-4.1,-4.1,-0.0,1.1483,LIGHT,1924.0,OPEN,OPEN-AIR PARK,60.2,1.024,61.0,61.0,47.8,50.1,65.0,19.1,LOW,3.7,LOW,77.0,76.3,6.0,5.0
Philadelphia Phillies @ Detroit Tigers,Philadelphia Phillies,Detroit Tigers,Comerica Park,+3 Hours,09:40 PM EDT,2026-07-10 21:24:03 UTC,2026-07-10 02:24:03 PM PDT,2026-07-10T20:25:01+00:00,59.0,4.3,5,1.21,1.22,10.4,12.1,92.0,58.0,0.92,0.0,0.0,0.0,Code 30,74.1,79.7,67.9,79.3,991.3,1013.2,100.0,19.3,0.024,23.2,739.0,4.5,8.8,NE,45.0,-4.5,-3.7,-3.7,-0.0,1.1542,LIGHT,1744.0,OPEN,OPEN-AIR PARK,58.7,1.021,59.5,59.5,47.6,49.8,67.9,27.5,MODERATE,4.7,LOW,74.0,74.2,6.0,4.0
Milwaukee Brewers @ Pittsburgh Pirates,Milwaukee Brewers,Pittsburgh Pirates,PNC Park,First Pitch,06:40 PM EDT,2026-07-10 21:24:04 UTC,2026-07-10 02:24:04 PM PDT,2026-07-10T18:21:43+00:00,182.4,1.3,5,2.42,0.3,17.87,16.8,81.0,68.0,0.92,0.0,0.0,0.0,Code 41,76.8,79.7,71.1,83.5,981.1,1012.4,86.7,55.4,0.018,29.4,875.0,3.4,5.9,SW,225.0,3.4,2.7,2.7,0.0,1.1353,LIGHT,2272.0,OPEN,OPEN-AIR PARK,72.2,1.053,71.6,71.6,53.5,54.6,62.0,46.3,ELEVATED,20.7,MEDIUM,79.0,75.1,5.0,2.5
Milwaukee Brewers @ Pittsburgh Pirates,Milwaukee Brewers,Pittsburgh Pirates,PNC Park,+1 Hour,07:40 PM EDT,2026-07-10 21:24:04 UTC,2026-07-10 02:24:04 PM PDT,2026-07-10T18:21:43+00:00,182.4,2.3,5,0.85,1.45,22.51,15.6,83.5,67.6,0.92,0.0,0.0,0.0,Code 34,75.6,79.5,70.9,86.2,981.3,1012.6,83.3,47.6,0.025,30.8,877.0,2.9,10.1,SW,225.0,2.9,2.4,2.4,0.0,1.1382,LIGHT,2186.0,OPEN,OPEN-AIR PARK,71.1,1.051,70.6,70.6,52.9,54.2,63.5,44.9,MODERATE,17.3,LOW,77.0,74.6,2.0,4.1
Milwaukee Brewers @ Pittsburgh Pirates,Milwaukee Brewers,Pittsburgh Pirates,PNC Park,+2 Hours,08:40 PM EDT,2026-07-10 21:24:04 UTC,2026-07-10 02:24:04 PM PDT,2026-07-10T18:21:43+00:00,182.4,3.3,5,0.78,0.8,15.74,11.0,86.7,65.2,0.92,0.0,0.0,0.0,Code 18,73.9,78.4,70.4,89.3,981.2,1012.7,83.2,51.9,0.006,29.6,763.0,1.7,5.1,S,180.0,1.2,1.6,0.3,-1.2,1.142,LIGHT,2074.0,OPEN,OPEN-AIR PARK,67.5,1.042,66.8,68.0,51.8,52.8,65.9,38.4,MODERATE,15.1,LOW,75.0,73.0,1.0,2.5
Milwaukee Brewers @ Pittsburgh Pirates,Milwaukee Brewers,Pittsburgh Pirates,PNC Park,+3 Hours,09:40 PM EDT,2026-07-10 21:24:04 UTC,2026-07-10 02:24:04 PM PDT,2026-07-10T18:21:43+00:00,182.4,4.3,5,0.3,0.54,16.93,8.7,89.1,65.1,0.92,0.0,0.0,0.0,Code 18,73.1,79.1,70.5,93.0,981.5,1012.9,94.4,34.6,0.002,27.7,717.0,1.2,3.4,W,270.0,0.8,0.2,1.2,0.8,1.144,LIGHT,2014.0,OPEN,OPEN-AIR PARK,66.9,1.041,67.2,66.3,51.2,52.5,66.7,27.1,MODERATE,12.6,LOW,74.0,72.4,1.0,1.5
New York Yankees @ Washington Nationals,New York Yankees,Washington Nationals,Nationals Park,First Pitch,06:45 PM EDT,2026-07-10 21:24:05 UTC,2026-07-10 02:24:05 PM PDT,2026-07-10T20:53:09+00:00,30.9,1.3,5,0.58,1.06,9.19,8.7,89.6,67.5,0.92,0.0,0.0,0.0,Partly cloudy,82.5,87.7,70.5,67.9,1008.2,1012.2,86.9,12.6,0.0,56.3,802.0,3.9,7.8,W,270.0,2.2,0.0,3.7,3.2,1.155,LIGHT,1721.0,OPEN,OPEN-AIR PARK,69.5,1.047,70.8,67.5,55.3,55.3,56.3,14.9,LOW,11.7,LOW,84.0,81.4,6.0,2.8
New York Yankees @ Washington Nationals,New York Yankees,Washington Nationals,Nationals Park,+1 Hour,07:45 PM EDT,2026-07-10 21:24:05 UTC,2026-07-10 02:24:05 PM PDT,2026-07-10T20:53:09+00:00,30.9,2.3,5,0.68,0.88,6.38,7.6,92.2,66.7,0.92,0.0,0.0,0.0,Partly cloudy,81.1,87.0,70.1,69.9,1008.5,1012.5,79.9,9.9,0.0,56.9,659.0,3.4,5.9,W,270.0,2.0,0.0,3.2,2.8,1.1585,LIGHT,1617.0,OPEN,OPEN-AIR PARK,68.1,1.044,69.3,66.4,54.6,54.8,58.2,12.1,LOW,8.0,LOW,82.0,80.4,5.0,2.7
New York Yankees @ Washington Nationals,New York Yankees,Washington Nationals,Nationals Park,+2 Hours,08:45 PM EDT,2026-07-10 21:24:05 UTC,2026-07-10 02:24:05 PM PDT,2026-07-10T20:53:09+00:00,30.9,3.3,5,0.17,1.11,4.09,5.4,93.2,66.7,0.92,0.0,0.0,0.0,Clear,78.9,82.6,70.0,75.5,1008.4,1012.5,41.1,7.2,0.0,54.6,499.0,2.8,5.4,S,180.0,2.3,2.8,1.0,-1.6,1.163,NEUTRAL,1480.0,OPEN,OPEN-AIR PARK,67.9,1.043,66.7,68.4,53.7,54.5,60.6,8.9,LOW,7.9,LOW,80.0,78.2,2.0,4.0
New York Yankees @ Washington Nationals,New York Yankees,Washington Nationals,Nationals Park,+3 Hours,09:45 PM EDT,2026-07-10 21:24:05 UTC,2026-07-10 02:24:05 PM PDT,2026-07-10T20:53:09+00:00,30.9,4.3,5,0.32,0.99,1.5,4.8,96.3,65.5,0.92,0.0,0.0,0.0,Partly cloudy,77.3,82.3,70.7,81.7,1008.5,1012.6,80.5,5.6,0.0,46.3,509.0,2.7,4.5,SW,224.6,2.7,1.9,2.4,0.5,1.1664,NEUTRAL,1367.0,OPEN,OPEN-AIR PARK,66.1,1.039,65.9,65.4,53.1,54.4,61.8,8.2,LOW,2.8,LOW,78.0,76.8,0.0,2.9
Kansas City Royals @ Baltimore Orioles,Kansas City Royals,Baltimore Orioles,Oriole Park at Camden Yards,First Pitch,07:05 PM EDT,2026-07-10 21:24:06 UTC,2026-07-10 02:24:06 PM PDT,2026-07-10T20:53:09+00:00,31.0,1.7,5,0.81,0.35,15.82,9.8,91.7,68.4,0.92,0.0,0.0,0.0,Partly cloudy,81.1,86.4,71.8,73.2,1010.3,1012.2,84.5,16.2,0.0,43.8,1302.0,4.5,12.3,W,270.0,3.9,1.9,4.5,2.3,1.1599,LIGHT,1559.0,OPEN,OPEN-AIR PARK,70.1,1.048,70.6,68.3,55.5,56.0,56.7,20.9,MODERATE,7.0,LOW,83.0,79.7,5.0,4.9
Kansas City Royals @ Baltimore Orioles,Kansas City Royals,Baltimore Orioles,Oriole Park at Camden Yards,+1 Hour,08:05 PM EDT,2026-07-10 21:24:06 UTC,2026-07-10 02:24:06 PM PDT,2026-07-10T20:53:09+00:00,31.0,2.7,5,1.72,1.02,10.45,13.6,88.2,65.4,0.92,0.0,0.0,0.0,Mostly clear,78.9,82.2,71.2,77.7,1010.2,1012.1,37.9,15.2,0.0,40.8,709.0,2.5,8.5,W,270.0,2.2,1.1,2.5,1.3,1.1648,NEUTRAL,1415.0,OPEN,OPEN-AIR PARK,67.5,1.042,67.8,66.5,53.4,54.6,59.7,15.5,LOW,10.3,LOW,81.0,77.3,2.0,3.4
Kansas City Royals @ Baltimore Orioles,Kansas City Royals,Baltimore Orioles,Oriole Park at Camden Yards,+2 Hours,09:05 PM EDT,2026-07-10 21:24:06 UTC,2026-07-10 02:24:06 PM PDT,2026-07-10T20:53:09+00:00,31.0,3.7,5,1.63,0.77,5.85,10.9,89.2,64.3,0.92,0.0,0.0,0.0,Clear,77.2,81.2,71.7,83.3,1010.2,1012.2,26.9,6.5,0.0,33.0,758.0,2.0,7.0,W,270.0,1.7,0.8,2.0,1.0,1.1681,NEUTRAL,1306.0,OPEN,OPEN-AIR PARK,66.0,1.038,66.2,65.2,52.7,54.0,61.0,11.2,LOW,10.7,LOW,79.0,75.9,1.0,3.1
Kansas City Royals @ Baltimore Orioles,Kansas City Royals,Baltimore Orioles,Oriole Park at Camden Yards,+3 Hours,10:05 PM EDT,2026-07-10 21:24:06 UTC,2026-07-10 02:24:06 PM PDT,2026-07-10T20:53:09+00:00,31.0,4.7,5,1.46,0.66,2.12,8.5,93.6,62.9,0.92,0.0,0.0,0.0,Partly cloudy,75.8,80.7,71.6,87.5,1010.4,1012.3,73.2,4.0,0.0,31.2,679.0,1.9,4.6,WSW,255.2,1.9,1.2,1.8,0.5,1.1716,NEUTRAL,1204.0,OPEN,OPEN-AIR PARK,63.8,1.033,63.8,63.3,52.2,53.8,62.7,9.0,LOW,4.7,LOW,77.0,74.9,0.0,2.1
Chicago Cubs @ Cincinnati Reds,Chicago Cubs,Cincinnati Reds,Great American Ball Park,First Pitch,07:10 PM EDT,2026-07-10 21:24:07 UTC,2026-07-10 02:24:07 PM PDT,2026-07-10T20:00:50+00:00,83.3,1.8,5,0.58,0.66,21.89,11.9,88.9,75.8,1.0,1.0,2.2,2.2,Code 15,85.0,89.9,70.8,66.2,989.6,1012.1,88.4,30.4,0.001,63.2,1205.0,4.4,9.9,W,270.0,3.1,0.8,4.3,3.1,1.1281,LIGHT,2523.0,OPEN,OPEN-AIR PARK,79.0,1.07,80.1,76.9,56.3,56.3,53.2,29.1,MODERATE,10.5,LOW,84.0,84.0,5.0,3.9
Chicago Cubs @ Cincinnati Reds,Chicago Cubs,Cincinnati Reds,Great American Ball Park,+1 Hour,08:10 PM EDT,2026-07-10 21:24:07 UTC,2026-07-10 02:24:07 PM PDT,2026-07-10T20:00:50+00:00,83.3,2.8,5,0.84,0.35,16.33,10.1,90.3,74.2,1.0,1.0,2.2,2.2,Code 15,84.0,90.2,71.3,69.6,989.7,1012.3,91.7,26.3,0.001,61.6,1169.0,2.7,8.4,W,270.0,1.9,0.5,2.7,1.9,1.1302,LIGHT,2449.0,OPEN,OPEN-AIR PARK,76.8,1.064,77.5,75.5,54.7,55.6,53.9,26.6,MODERATE,9.3,LOW,83.0,82.9,3.0,2.5
Chicago Cubs @ Cincinnati Reds,Chicago Cubs,Cincinnati Reds,Great American Ball Park,+2 Hours,09:10 PM EDT,2026-07-10 21:24:07 UTC,2026-07-10 02:24:07 PM PDT,2026-07-10T20:00:50+00:00,83.3,3.8,5,0.94,1.08,11.1,10.9,93.5,72.8,1.0,1.0,2.2,2.2,Code 16,81.3,85.9,70.5,74.1,989.9,1012.5,93.9,22.3,0.007,63.0,817.0,2.4,6.1,W,270.0,1.7,0.4,2.4,1.7,1.1362,LIGHT,2271.0,OPEN,OPEN-AIR PARK,74.4,1.059,75.0,73.2,53.9,54.8,57.6,23.4,MODERATE,3.0,LOW,80.0,80.6,2.0,2.7
Chicago Cubs @ Cincinnati Reds,Chicago Cubs,Cincinnati Reds,Great American Ball Park,+3 Hours,10:10 PM EDT,2026-07-10 21:24:07 UTC,2026-07-10 02:24:07 PM PDT,2026-07-10T20:00:50+00:00,83.3,4.8,5,1.56,0.55,7.69,10.6,92.6,70.0,1.0,1.0,2.2,2.2,Code 16,78.6,85.3,71.5,82.0,990.4,1013.1,96.8,24.0,0.007,47.7,785.0,1.6,7.4,W,270.0,1.1,0.3,1.6,1.1,1.1421,LIGHT,2075.0,OPEN,OPEN-AIR PARK,71.6,1.052,72.0,70.8,52.7,54.0,59.7,24.0,MODERATE,4.8,LOW,77.0,78.1,1.0,2.1
Seattle Mariners @ Tampa Bay Rays,Seattle Mariners,Tampa Bay Rays,Tropicana Field,First Pitch,07:10 PM EDT,2026-07-10 21:24:08 UTC,2026-07-10 02:24:08 PM PDT,2026-07-10T19:01:48+00:00,142.3,1.8,5,2.29,1.77,17.23,20.5,82.9,55.8,0.92,0.0,0.0,0.0,Code 25,89.4,95.9,74.0,61.5,1017.7,1018.8,38.1,30.8,0.011,64.0,2231.0,5.4,9.5,SSE,157.5,0.0,0.0,-0.0,-0.0,1.1896,NEUTRAL,858.0,INDOOR,FIXED ROOF,57.0,1.017,57.0,57.0,50.0,49.4,72.8,0.0,NONE (ROOF),14.4,LOW,91.0,88.2,6.0,5.7
Seattle Mariners @ Tampa Bay Rays,Seattle Mariners,Tampa Bay Rays,Tropicana Field,+1 Hour,08:10 PM EDT,2026-07-10 21:24:08 UTC,2026-07-10 02:24:08 PM PDT,2026-07-10T19:01:48+00:00,142.3,2.8,5,3.35,4.38,18.75,33.1,68.5,54.8,0.92,0.0,0.0,0.0,Code 26,84.8,83.7,74.1,70.7,1018.4,1019.6,80.3,38.8,0.011,37.9,1730.0,7.4,15.5,SSE,157.5,0.0,0.0,-0.0,-0.0,1.1896,NEUTRAL,858.0,INDOOR,FIXED ROOF,57.0,1.017,57.0,57.0,50.0,49.4,72.8,0.0,NONE (ROOF),30.2,MEDIUM,88.0,82.6,5.0,10.5
Seattle Mariners @ Tampa Bay Rays,Seattle Mariners,Tampa Bay Rays,Tropicana Field,+2 Hours,09:10 PM EDT,2026-07-10 21:24:08 UTC,2026-07-10 02:24:08 PM PDT,2026-07-10T19:01:48+00:00,142.3,3.8,5,2.95,1.95,20.23,24.7,79.0,55.5,0.92,0.0,0.0,0.0,Partly cloudy,83.9,87.0,73.9,71.7,1018.4,1019.5,94.1,32.1,0.0,41.6,1772.0,5.2,7.5,S,180.0,0.0,0.0,0.0,-0.0,1.1896,NEUTRAL,858.0,INDOOR,FIXED ROOF,57.0,1.017,57.0,57.0,50.0,49.4,72.8,0.0,NONE (ROOF),17.9,LOW,86.0,82.4,5.0,6.2
Seattle Mariners @ Tampa Bay Rays,Seattle Mariners,Tampa Bay Rays,Tropicana Field,+3 Hours,10:10 PM EDT,2026-07-10 21:24:08 UTC,2026-07-10 02:24:08 PM PDT,2026-07-10T19:01:48+00:00,142.3,4.8,5,2.29,0.99,14.97,17.4,87.5,56.1,0.92,0.0,0.0,0.0,Partly cloudy,83.5,87.3,74.0,73.4,1018.1,1019.2,87.5,20.2,0.001,41.2,2019.0,5.4,9.1,SE,135.0,0.0,0.0,-0.0,-0.0,1.1896,NEUTRAL,858.0,INDOOR,FIXED ROOF,57.0,1.017,57.0,57.0,50.0,49.4,72.8,0.0,NONE (ROOF),8.6,LOW,85.0,82.4,5.0,6.5
Cleveland Guardians @ Miami Marlins,Cleveland Guardians,Miami Marlins,loanDepot park,First Pitch,07:10 PM EDT,2026-07-10 21:24:09 UTC,2026-07-10 02:24:09 PM PDT,2026-07-10T20:47:08+00:00,37.0,1.8,5,2.05,2.05,27.36,23.9,79.0,59.2,0.92,0.0,0.0,0.0,Mostly clear,85.2,93.9,76.1,74.7,1018.4,1019.2,67.7,26.6,0.0,41.0,2995.0,7.2,12.9,E,90.0,-5.1,-1.3,-7.1,-5.1,1.1586,LIGHT,1556.0,OPEN,PROJECTED: FAVORABLE,61.7,1.028,59.9,65.2,52.4,52.9,48.3,26.6,MODERATE,18.6,MEDIUM,87.0,83.9,9.0,6.9
Cleveland Guardians @ Miami Marlins,Cleveland Guardians,Miami Marlins,loanDepot park,+1 Hour,08:10 PM EDT,2026-07-10 21:24:09 UTC,2026-07-10 02:24:09 PM PDT,2026-07-10T20:47:08+00:00,37.0,2.8,5,1.07,1.77,22.47,17.5,88.0,58.8,0.92,0.0,0.0,0.0,Partly cloudy,83.0,89.9,75.0,77.8,1018.9,1019.8,91.3,22.1,0.0,44.4,2542.0,6.3,10.6,E,90.0,-4.5,-1.1,-6.2,-4.5,1.1643,NEUTRAL,1398.0,OPEN,PROJECTED: FAVORABLE,60.0,1.024,58.4,63.0,52.0,52.6,51.7,24.1,MODERATE,7.5,LOW,84.0,82.4,8.0,6.0
Cleveland Guardians @ Miami Marlins,Cleveland Guardians,Miami Marlins,loanDepot park,+2 Hours,09:10 PM EDT,2026-07-10 21:24:09 UTC,2026-07-10 02:24:09 PM PDT,2026-07-10T20:47:08+00:00,37.0,3.8,5,0.84,2.16,21.72,17.4,85.9,62.7,0.92,0.0,0.0,0.0,Partly cloudy,82.5,90.1,75.7,81.0,1019.0,1019.9,89.3,21.8,0.0,35.1,2743.0,5.9,10.1,SE,135.0,0.0,3.4,-3.4,-5.9,1.1654,NEUTRAL,1355.0,OPEN,PROJECTED: FAVORABLE,64.8,1.036,61.7,67.9,55.5,54.8,51.6,24.0,MODERATE,11.3,LOW,84.0,81.4,8.0,5.2
Cleveland Guardians @ Miami Marlins,Cleveland Guardians,Miami Marlins,loanDepot park,+3 Hours,10:10 PM EDT,2026-07-10 21:24:09 UTC,2026-07-10 02:24:09 PM PDT,2026-07-10T20:47:08+00:00,37.0,4.8,5,0.94,0.82,21.41,13.7,89.3,58.6,0.92,0.0,0.0,0.0,Partly cloudy,81.9,88.3,75.3,81.4,1018.9,1019.8,97.9,23.5,0.0,37.7,2663.0,5.5,11.5,E,90.0,-3.9,-1.0,-5.4,-3.9,1.1668,NEUTRAL,1317.0,OPEN,PROJECTED: FAVORABLE,59.6,1.023,58.3,62.3,51.8,52.7,52.7,24.9,MODERATE,8.2,LOW,83.0,81.0,7.0,5.1
Boston Red Sox @ New York Mets,Boston Red Sox,New York Mets,Citi Field,First Pitch,07:15 PM EDT,2026-07-10 21:24:10 UTC,2026-07-10 02:24:10 PM PDT,2026-07-10T20:23:55+00:00,60.3,1.8,5,2.45,1.3,13.16,18.3,85.4,62.2,0.92,0.0,0.0,0.0,Code 15,83.9,87.5,67.4,59.1,1008.0,1010.2,99.7,28.0,0.001,84.6,809.0,6.5,11.2,NW,315.0,-2.8,-5.7,1.1,5.9,1.1527,LIGHT,1825.0,OPEN,OPEN-AIR PARK,64.2,1.034,67.8,61.6,54.1,52.7,57.5,23.9,MODERATE,11.6,LOW,84.0,83.9,8.0,6.4
Boston Red Sox @ New York Mets,Boston Red Sox,New York Mets,Citi Field,+1 Hour,08:15 PM EDT,2026-07-10 21:24:10 UTC,2026-07-10 02:24:10 PM PDT,2026-07-10T20:23:55+00:00,60.3,2.8,5,1.63,1.17,9.31,13.3,93.0,62.6,0.92,0.0,0.0,0.0,Code 15,81.9,86.5,69.1,66.3,1008.4,1010.6,98.1,24.0,0.001,67.7,1080.0,5.2,10.5,NW,315.0,-2.2,-4.5,0.9,4.7,1.1569,LIGHT,1678.0,OPEN,OPEN-AIR PARK,63.5,1.032,66.3,61.4,53.3,52.8,58.2,24.4,MODERATE,1.9,LOW,82.0,81.9,6.0,5.3
Boston Red Sox @ New York Mets,Boston Red Sox,New York Mets,Citi Field,+2 Hours,09:15 PM EDT,2026-07-10 21:24:10 UTC,2026-07-10 02:24:10 PM PDT,2026-07-10T20:23:55+00:00,60.3,3.8,5,0.47,0.94,5.45,6.6,94.4,61.3,0.92,0.0,0.0,0.0,Partly cloudy,79.1,85.5,71.1,76.8,1008.5,1010.8,92.1,24.0,0.0,43.6,1555.0,4.5,8.4,NW,315.0,-1.9,-3.9,0.8,4.1,1.1624,NEUTRAL,1486.0,OPEN,OPEN-AIR PARK,62.0,1.029,64.4,60.2,52.6,52.5,59.5,25.2,MODERATE,4.7,LOW,79.0,79.2,6.0,4.0
Boston Red Sox @ New York Mets,Boston Red Sox,New York Mets,Citi Field,+3 Hours,10:15 PM EDT,2026-07-10 21:24:10 UTC,2026-07-10 02:24:10 PM PDT,2026-07-10T20:23:55+00:00,60.3,4.8,5,0.61,0.75,1.5,5.2,94.8,58.4,0.92,0.0,0.0,0.0,Mostly clear,77.9,85.2,71.3,80.0,1009.2,1011.4,73.1,24.0,0.0,37.3,1608.0,4.4,8.8,N,0.0,-4.1,-4.2,-2.5,1.5,1.1656,NEUTRAL,1387.0,OPEN,OPEN-AIR PARK,58.9,1.021,60.3,58.8,49.5,51.2,60.6,25.2,MODERATE,5.2,LOW,78.0,77.9,6.0,3.7
Athletics @ Chicago White Sox,Athletics,Chicago White Sox,Rate Field,First Pitch,06:40 PM CDT,2026-07-10 21:24:10 UTC,2026-07-10 02:24:10 PM PDT,2026-07-10T19:51:48+00:00,92.4,2.3,5,1.32,0.78,0.5,7.8,91.7,54.0,0.92,0.0,0.0,0.0,Partly cloudy,73.8,75.6,64.7,73.4,992.3,1013.5,93.9,3.2,0.0,42.6,29.0,7.8,13.4,NNE,22.5,-7.7,-6.9,-5.7,1.0,1.1571,LIGHT,1690.0,OPEN,OPEN-AIR PARK,54.4,1.011,56.2,55.1,46.2,47.7,70.8,2.1,LOW,8.7,LOW,73.0,74.4,10.0,7.2
Athletics @ Chicago White Sox,Athletics,Chicago White Sox,Rate Field,+1 Hour,07:40 PM CDT,2026-07-10 21:24:10 UTC,2026-07-10 02:24:10 PM PDT,2026-07-10T19:51:48+00:00,92.4,3.3,5,1.48,2.26,0.0,12.7,90.9,52.4,0.92,0.0,0.0,0.0,Partly cloudy,72.4,72.3,64.1,75.8,992.4,1013.7,99.5,3.2,0.0,40.8,21.0,8.1,14.3,NNE,22.5,-8.0,-7.2,-6.0,1.1,1.1605,NEUTRAL,1595.0,OPEN,OPEN-AIR PARK,52.7,1.006,54.5,53.4,45.7,47.2,72.3,2.0,LOW,6.1,LOW,72.0,72.8,10.0,7.9
Athletics @ Chicago White Sox,Athletics,Chicago White Sox,Rate Field,+2 Hours,08:40 PM CDT,2026-07-10 21:24:10 UTC,2026-07-10 02:24:10 PM PDT,2026-07-10T19:51:48+00:00,92.4,4.3,5,1.23,1.74,0.5,10.3,91.3,52.6,0.92,0.0,0.0,0.0,Partly cloudy,71.8,72.2,64.1,78.1,992.8,1014.1,99.7,0.8,0.0,39.1,29.0,7.6,12.2,NNE,22.5,-7.5,-6.7,-5.6,1.0,1.1622,NEUTRAL,1543.0,OPEN,OPEN-AIR PARK,52.8,1.007,54.6,53.5,45.9,47.3,73.0,0.7,LOW,7.4,LOW,72.0,71.7,10.0,6.8
Athletics @ Chicago White Sox,Athletics,Chicago White Sox,Rate Field,+3 Hours,09:40 PM CDT,2026-07-10 21:24:10 UTC,2026-07-10 02:24:10 PM PDT,2026-07-10T19:51:48+00:00,92.4,5.3,5,0.94,2.16,0.0,10.2,92.9,54.3,0.92,0.0,0.0,0.0,Partly cloudy,71.1,71.8,63.6,78.2,993.2,1014.6,92.5,0.8,0.0,41.8,21.0,5.5,11.2,NNE,22.5,-5.5,-4.9,-4.1,0.7,1.1645,NEUTRAL,1480.0,OPEN,OPEN-AIR PARK,54.6,1.011,55.9,55.2,46.9,48.1,73.8,0.7,LOW,4.5,LOW,71.0,71.2,5.0,6.9
Houston Astros @ Texas Rangers,Houston Astros,Texas Rangers,Globe Life Field,First Pitch,07:05 PM CDT,2026-07-10 21:24:11 UTC,2026-07-10 02:24:11 PM PDT,2026-07-10T18:26:31+00:00,177.7,2.7,5,1.36,0.57,6.65,9.5,89.6,56.3,0.92,0.0,0.0,0.0,Code 13,96.4,96.3,65.5,36.4,993.1,1012.1,16.5,2.6,0.003,98.9,937.0,12.5,20.9,S,180.0,0.0,0.0,0.0,-0.0,1.1896,NEUTRAL,858.0,CLOSED,PROJECTED: TEMPERATURE,57.0,1.017,57.0,57.0,50.0,49.4,72.8,0.0,NONE (ROOF),11.2,LOW,98.0,95.2,15.0,12.3
Houston Astros @ Texas Rangers,Houston Astros,Texas Rangers,Globe Life Field,+1 Hour,08:05 PM CDT,2026-07-10 21:24:11 UTC,2026-07-10 02:24:11 PM PDT,2026-07-10T18:26:31+00:00,177.7,3.7,5,1.69,0.54,5.63,10.3,87.5,56.1,0.92,0.0,0.0,0.0,Code 13,94.3,94.7,66.0,39.5,992.9,1012.0,15.8,1.9,0.001,98.9,884.0,11.8,20.0,S,180.0,0.0,0.0,0.0,-0.0,1.1896,NEUTRAL,858.0,CLOSED,PROJECTED: TEMPERATURE,57.0,1.017,57.0,57.0,50.0,49.4,72.8,0.0,NONE (ROOF),14.2,LOW,96.0,93.0,15.0,11.0
Houston Astros @ Texas Rangers,Houston Astros,Texas Rangers,Globe Life Field,+2 Hours,09:05 PM CDT,2026-07-10 21:24:11 UTC,2026-07-10 02:24:11 PM PDT,2026-07-10T18:26:31+00:00,177.7,4.7,5,1.77,0.56,3.03,9.8,91.5,56.4,0.92,0.0,0.0,0.0,Code 13,91.4,92.5,66.3,44.1,993.5,1012.7,5.1,1.0,0.001,96.2,864.0,8.8,20.1,S,180.0,0.0,0.0,0.0,-0.0,1.1896,NEUTRAL,858.0,CLOSED,PROJECTED: TEMPERATURE,57.0,1.017,57.0,57.0,50.0,49.4,72.8,0.0,NONE (ROOF),7.4,LOW,93.0,90.2,10.0,9.3
Houston Astros @ Texas Rangers,Houston Astros,Texas Rangers,Globe Life Field,+3 Hours,10:05 PM CDT,2026-07-10 21:24:11 UTC,2026-07-10 02:24:11 PM PDT,2026-07-10T18:26:31+00:00,177.7,5.7,5,1.82,0.98,0.87,10.5,90.3,56.3,0.92,0.0,0.0,0.0,Code 13,89.1,91.9,69.1,51.9,994.2,1013.5,0.0,0.3,0.001,72.4,1335.0,8.7,20.3,S,180.0,0.0,0.0,0.0,-0.0,1.1896,NEUTRAL,858.0,CLOSED,PROJECTED: TEMPERATURE,57.0,1.017,57.0,57.0,50.0,49.4,72.8,0.0,NONE (ROOF),9.0,LOW,91.0,87.7,10.0,9.0
Los Angeles Angels @ Minnesota Twins,Los Angeles Angels,Minnesota Twins,Target Field,First Pitch,07:10 PM CDT,2026-07-10 21:24:12 UTC,2026-07-10 02:24:12 PM PDT,2026-07-10T19:11:51+00:00,132.4,2.8,5,0.7,0.74,0.5,5.2,94.5,77.2,0.92,0.0,0.0,0.0,Mostly clear,86.2,90.2,61.9,44.5,983.5,1012.8,35.2,2.4,0.0,92.1,629.0,3.4,6.6,S,180.0,2.4,3.3,0.6,-2.4,1.1216,LIGHT,2811.0,OPEN,OPEN-AIR PARK,78.8,1.069,77.2,79.7,55.7,55.1,57.2,7.6,LOW,5.8,LOW,86.0,86.3,5.0,2.6
Los Angeles Angels @ Minnesota Twins,Los Angeles Angels,Minnesota Twins,Target Field,+1 Hour,08:10 PM CDT,2026-07-10 21:24:12 UTC,2026-07-10 02:24:12 PM PDT,2026-07-10T19:11:51+00:00,132.4,3.8,5,0.65,0.37,0.5,3.9,94.8,76.0,0.92,0.0,0.0,0.0,Mostly clear,84.9,89.0,62.7,48.0,983.7,1013.1,46.9,0.3,0.0,88.1,623.0,3.1,4.8,S,180.0,2.2,3.1,0.5,-2.2,1.1242,LIGHT,2719.0,OPEN,OPEN-AIR PARK,77.4,1.066,75.9,78.2,55.2,54.9,58.6,6.4,LOW,6.3,LOW,85.0,84.9,5.0,2.1
Los Angeles Angels @ Minnesota Twins,Los Angeles Angels,Minnesota Twins,Target Field,+2 Hours,09:10 PM CDT,2026-07-10 21:24:12 UTC,2026-07-10 02:24:12 PM PDT,2026-07-10T19:11:51+00:00,132.4,4.8,5,0.73,0.45,0.0,4.3,96.3,73.2,0.92,0.0,0.0,0.0,Mostly clear,81.8,87.3,64.1,55.3,983.9,1013.4,49.3,0.8,0.0,75.6,699.0,1.4,4.1,SW,235.4,1.4,1.0,1.3,0.2,1.1305,LIGHT,2508.0,OPEN,OPEN-AIR PARK,74.1,1.058,74.0,73.7,53.0,53.9,62.0,7.4,LOW,3.2,LOW,81.0,82.4,0.0,1.5
Los Angeles Angels @ Minnesota Twins,Los Angeles Angels,Minnesota Twins,Target Field,+3 Hours,10:10 PM CDT,2026-07-10 21:24:12 UTC,2026-07-10 02:24:12 PM PDT,2026-07-10T19:11:51+00:00,132.4,5.8,5,0.5,0.21,0.0,2.6,96.6,69.9,0.92,0.0,0.0,0.0,Clear,79.0,83.9,64.1,60.5,984.2,1013.9,23.5,0.8,0.0,68.7,490.0,1.4,3.0,ESE,121.7,-0.3,0.5,-1.0,-1.3,1.1367,LIGHT,2313.0,OPEN,OPEN-AIR PARK,70.6,1.049,70.0,71.4,52.0,52.5,65.1,5.3,LOW,4.1,LOW,78.0,79.8,0.0,1.5
Atlanta Braves @ St. Louis Cardinals,Atlanta Braves,St. Louis Cardinals,Busch Stadium,First Pitch,07:15 PM CDT,2026-07-10 21:24:13 UTC,2026-07-10 02:24:13 PM PDT,2026-07-10T19:52:07+00:00,92.1,2.8,5,3.18,1.85,22.2,26.0,76.8,68.7,0.92,0.0,0.0,0.0,Code 54,84.2,91.2,74.7,74.4,996.0,1011.5,97.1,55.2,0.039,28.7,1713.0,4.4,10.7,S,180.0,3.3,4.3,1.1,-2.8,1.1356,LIGHT,2248.0,OPEN,OPEN-AIR PARK,74.3,1.058,72.3,75.2,56.1,56.7,50.6,58.0,ELEVATED,20.9,MEDIUM,86.0,82.8,3.0,6.2
Atlanta Braves @ St. Louis Cardinals,Atlanta Braves,St. Louis Cardinals,Busch Stadium,+1 Hour,08:15 PM CDT,2026-07-10 21:24:13 UTC,2026-07-10 02:24:13 PM PDT,2026-07-10T19:52:07+00:00,92.1,3.8,5,2.21,2.44,27.29,25.7,74.4,62.0,0.92,0.0,0.0,0.0,Code 15,81.1,83.9,74.0,80.4,995.8,1011.4,77.9,50.1,0.002,42.0,1199.0,3.7,12.3,E,90.0,-2.4,-0.3,-3.5,-2.8,1.1421,LIGHT,2053.0,OPEN,OPEN-AIR PARK,66.1,1.039,65.0,67.9,52.0,53.1,54.7,40.4,MODERATE,25.5,MEDIUM,84.0,79.0,2.0,5.6
Atlanta Braves @ St. Louis Cardinals,Atlanta Braves,St. Louis Cardinals,Busch Stadium,+2 Hours,09:15 PM CDT,2026-07-10 21:24:13 UTC,2026-07-10 02:24:13 PM PDT,2026-07-10T19:52:07+00:00,92.1,4.8,5,1.98,1.47,30.65,23.0,79.5,65.2,0.92,0.0,0.0,0.0,Code 31,78.4,81.7,73.3,85.5,995.5,1011.2,99.7,44.1,0.028,38.1,1041.0,3.0,12.3,S,180.0,2.3,3.0,0.8,-1.9,1.1479,LIGHT,1882.0,OPEN,OPEN-AIR PARK,69.1,1.046,67.8,69.7,53.8,54.8,58.3,45.9,ELEVATED,18.5,MEDIUM,80.0,77.2,2.0,4.3
Atlanta Braves @ St. Louis Cardinals,Atlanta Braves,St. Louis Cardinals,Busch Stadium,+3 Hours,10:15 PM CDT,2026-07-10 21:24:13 UTC,2026-07-10 02:24:13 PM PDT,2026-07-10T19:52:07+00:00,92.1,5.8,5,2.34,3.93,24.56,29.7,72.9,61.3,0.92,0.0,0.0,0.0,Code 64,76.7,77.9,74.1,92.5,996.8,1012.6,99.7,49.9,1.107,1.4,885.0,4.9,14.6,SE,135.0,0.4,3.1,-2.4,-4.8,1.1528,LIGHT,1724.0,OPEN,OPEN-AIR PARK,65.5,1.037,63.0,68.0,53.9,53.5,59.5,66.0,ELEVATED,25.0,MEDIUM,78.0,75.7,2.0,8.0
Toronto Blue Jays @ San Diego Padres,Toronto Blue Jays,San Diego Padres,Petco Park,First Pitch,06:40 PM PDT,2026-07-10 21:24:14 UTC,2026-07-10 02:24:14 PM PDT,2026-07-10T19:54:51+00:00,89.4,4.3,5,1.47,0.88,0.0,8.5,92.1,56.3,0.86,-1.5,-1.4,-2.4,Mostly clear,65.9,66.4,61.5,81.7,1006.8,1011.2,64.8,0.0,0.0,27.9,0.0,4.6,9.3,SW,225.0,4.6,3.3,4.2,0.8,1.193,NEUTRAL,669.0,OPEN,OPEN-AIR PARK,56.8,1.016,56.5,55.7,52.3,51.7,70.4,0.0,LOW,7.4,LOW,69.0,66.2,5.0,5.7
Toronto Blue Jays @ San Diego Padres,Toronto Blue Jays,San Diego Padres,Petco Park,+1 Hour,07:40 PM PDT,2026-07-10 21:24:14 UTC,2026-07-10 02:24:14 PM PDT,2026-07-10T19:54:51+00:00,89.4,5.3,5,1.29,0.67,0.0,7.2,95.5,54.5,0.86,-1.5,-1.4,-2.4,Mostly clear,64.2,66.0,61.0,85.0,1007.4,1011.7,67.4,0.0,0.0,27.5,0.0,4.1,8.0,SW,225.0,4.1,2.9,3.7,0.7,1.1976,NEUTRAL,541.0,OPEN,OPEN-AIR PARK,54.7,1.011,54.4,53.7,51.6,51.0,68.6,0.0,LOW,2.3,LOW,66.0,65.4,5.0,4.6
Toronto Blue Jays @ San Diego Padres,Toronto Blue Jays,San Diego Padres,Petco Park,+2 Hours,08:40 PM PDT,2026-07-10 21:24:14 UTC,2026-07-10 02:24:14 PM PDT,2026-07-10T19:54:51+00:00,89.4,6.3,5,1.14,0.65,0.0,6.5,95.7,53.2,0.86,-1.5,-1.4,-2.4,Partly cloudy,63.9,65.9,61.0,86.7,1007.7,1012.1,71.7,0.0,0.0,27.1,0.0,3.3,7.0,SSW,199.5,3.2,3.1,2.1,-0.9,1.1986,NEUTRAL,512.0,OPEN,OPEN-AIR PARK,53.3,1.008,52.3,53.2,50.9,50.5,68.3,0.0,LOW,2.5,LOW,66.0,65.0,0.0,3.8
Toronto Blue Jays @ San Diego Padres,Toronto Blue Jays,San Diego Padres,Petco Park,+3 Hours,09:40 PM PDT,2026-07-10 21:24:14 UTC,2026-07-10 02:24:14 PM PDT,2026-07-10T19:54:51+00:00,89.4,7.3,5,0.93,0.95,0.0,6.6,96.5,52.0,0.86,-1.5,-1.4,-2.4,Partly cloudy,63.4,65.8,61.1,87.6,1008.0,1012.3,82.6,0.0,0.0,26.3,0.0,3.1,5.9,S,189.7,2.8,3.1,1.5,-1.3,1.2001,NEUTRAL,466.0,OPEN,OPEN-AIR PARK,52.1,1.005,51.0,52.3,50.8,50.2,67.7,0.0,LOW,1.1,LOW,65.0,64.8,0.0,3.6
Arizona Diamondbacks @ Los Angeles Dodgers,Arizona Diamondbacks,Los Angeles Dodgers,Dodger Stadium,First Pitch,07:10 PM PDT,2026-07-10 21:24:15 UTC,2026-07-10 02:24:15 PM PDT,2026-07-10T19:37:46+00:00,106.5,4.8,5,0.05,1.43,0.0,4.5,90.7,73.8,0.78,1.5,1.0,0.8,Clear,78.7,78.6,61.6,58.8,991.9,1010.2,7.2,0.0,0.0,54.2,0.0,5.6,7.8,SSW,202.5,5.5,5.2,3.8,-1.2,1.147,LIGHT,2029.0,OPEN,OPEN-AIR PARK,76.2,1.063,74.7,75.9,55.6,55.0,65.4,0.0,LOW,13.2,LOW,78.0,76.6,10.0,5.0
Arizona Diamondbacks @ Los Angeles Dodgers,Arizona Diamondbacks,Los Angeles Dodgers,Dodger Stadium,+1 Hour,08:10 PM PDT,2026-07-10 21:24:15 UTC,2026-07-10 02:24:15 PM PDT,2026-07-10T19:37:46+00:00,106.5,5.8,5,1.13,1.61,0.0,9.4,94.9,69.8,0.78,1.5,1.0,0.8,Clear,74.6,73.9,61.0,66.3,992.2,1010.6,4.3,0.0,0.0,44.4,0.0,3.7,6.7,SSW,202.5,3.6,3.4,2.5,-0.8,1.1564,LIGHT,1746.0,OPEN,OPEN-AIR PARK,70.9,1.05,69.8,70.7,53.4,53.1,69.9,0.0,LOW,1.6,LOW,73.0,73.2,5.0,4.6
Arizona Diamondbacks @ Los Angeles Dodgers,Arizona Diamondbacks,Los Angeles Dodgers,Dodger Stadium,+2 Hours,09:10 PM PDT,2026-07-10 21:24:15 UTC,2026-07-10 02:24:15 PM PDT,2026-07-10T19:37:46+00:00,106.5,6.8,5,1.86,1.5,0.0,12.0,93.1,66.7,0.78,1.5,1.0,0.8,Clear,71.4,70.2,61.1,74.2,992.5,1011.1,7.5,0.0,0.0,34.0,0.0,3.5,5.8,SSW,202.5,3.4,3.2,2.3,-0.7,1.1636,NEUTRAL,1527.0,OPEN,OPEN-AIR PARK,68.0,1.043,67.0,67.8,52.5,52.3,73.4,0.0,LOW,2.8,LOW,70.0,69.9,5.0,4.0
Arizona Diamondbacks @ Los Angeles Dodgers,Arizona Diamondbacks,Los Angeles Dodgers,Dodger Stadium,+3 Hours,10:10 PM PDT,2026-07-10 21:24:15 UTC,2026-07-10 02:24:15 PM PDT,2026-07-10T19:37:46+00:00,106.5,7.8,5,2.17,1.31,0.0,12.6,89.4,64.4,0.78,1.5,1.0,0.8,Clear,70.2,68.5,61.5,79.0,992.7,1011.5,26.9,0.0,0.0,27.7,0.0,3.1,4.5,SSW,202.5,3.0,2.8,2.1,-0.7,1.1665,NEUTRAL,1436.0,OPEN,OPEN-AIR PARK,66.1,1.039,65.2,65.9,52.0,51.9,74.8,0.0,LOW,9.0,LOW,70.0,67.7,5.0,3.1
Colorado Rockies @ San Francisco Giants,Colorado Rockies,San Francisco Giants,Oracle Park,First Pitch,07:15 PM PDT,2026-07-10 21:24:16 UTC,2026-07-10 02:24:16 PM PDT,2026-07-10T20:25:59+00:00,58.3,4.8,5,1.24,3.63,0.0,15.8,86.5,50.1,0.82,-2.5,-2.4,-4.0,Clear,56.5,57.7,53.2,81.6,1012.3,1012.3,18.5,0.8,0.0,37.9,0.0,8.9,19.5,W,270.0,6.3,1.5,8.8,6.3,1.2234,HEAVY,-133.0,OPEN,OPEN-AIR PARK,50.1,1.0,52.3,45.8,54.3,49.5,56.6,0.4,LOW,11.7,LOW,60.0,58.3,13.0,9.1
Colorado Rockies @ San Francisco Giants,Colorado Rockies,San Francisco Giants,Oracle Park,+1 Hour,08:15 PM PDT,2026-07-10 21:24:16 UTC,2026-07-10 02:24:16 PM PDT,2026-07-10T20:25:59+00:00,58.3,5.8,5,1.07,2.33,0.0,11.3,90.2,49.6,0.82,-2.5,-2.4,-4.0,Clear,55.7,55.6,53.4,84.2,1012.5,1012.5,26.1,0.8,0.0,33.4,0.0,9.5,18.9,W,270.0,6.7,1.6,9.3,6.7,1.2256,HEAVY,-193.0,OPEN,OPEN-AIR PARK,49.6,0.999,52.0,45.0,54.7,49.6,56.2,0.4,LOW,8.6,LOW,59.0,57.6,13.0,10.4
Colorado Rockies @ San Francisco Giants,Colorado Rockies,San Francisco Giants,Oracle Park,+2 Hours,09:15 PM PDT,2026-07-10 21:24:16 UTC,2026-07-10 02:24:16 PM PDT,2026-07-10T20:25:59+00:00,58.3,6.8,5,0.87,2.16,0.0,9.9,91.8,50.5,0.82,-2.5,-2.4,-4.0,Clear,54.9,54.6,53.3,86.1,1012.7,1012.7,26.1,0.8,0.0,31.2,0.0,8.9,17.8,WSW,247.5,8.2,4.8,8.7,3.4,1.2278,HEAVY,-254.0,OPEN,OPEN-AIR PARK,50.5,1.001,50.9,47.4,53.6,50.2,56.1,0.4,LOW,6.7,LOW,58.0,57.0,12.0,10.0
Colorado Rockies @ San Francisco Giants,Colorado Rockies,San Francisco Giants,Oracle Park,+3 Hours,10:15 PM PDT,2026-07-10 21:24:16 UTC,2026-07-10 02:24:16 PM PDT,2026-07-10T20:25:59+00:00,58.3,7.8,5,0.77,1.56,0.0,7.7,93.5,48.6,0.82,-2.5,-2.4,-4.0,Mostly clear,54.6,54.3,53.2,87.7,1013.1,1013.1,32.9,0.8,0.0,29.2,0.0,7.8,16.0,WSW,247.5,7.2,4.2,7.6,3.0,1.229,HEAVY,-286.0,OPEN,OPEN-AIR PARK,48.5,0.996,48.9,45.8,52.7,49.6,57.3,0.4,LOW,5.5,LOW,58.0,56.5,10.0,9.1
