Overall Rank,Date,Player,Team,Opponent,Game,Side,Position,Analytical Projected FS,Projected FS,Sim Mean,Sim Median,Historical FS Std,Target FS Std,Raw Sim Std,Volatility-Calibrated Sim Std,Volatility Multiplier,Last 5 Avg FS,Last 10 Avg FS,Last 15 Avg FS,Last 5 Fantasy Scores,Last 10 Fantasy Scores,Last 15 Fantasy Scores,P Over 2.5 FS %,P Over 3.0 FS %,P Over 3.5 FS %,P Over 4.0 FS %,P Over 4.5 FS %,P Over 5.0 FS %,P Over 5.5 FS %,P Over 6.0 FS %,P Over 6.5 FS %,P Over 7.0 FS %,P Over 7.5 FS %,P Over 8.0 FS %,P Over 8.5 FS %,P Over 9.0 FS %,P Over 9.5 FS %,P Over 10.0 FS %,P Over 10.5 FS %,P Over 11.0 FS %,P Over 11.5 FS %,P Over 12.0 FS %,P Over 12.5 FS %,P Over 13.0 FS %,P Over 13.5 FS %,P Over 14.0 FS %,P Over 14.5 FS %,P Over 15.0 FS %,P Over 15.5 FS %,AI Score,Grade,Suggested Lean,Recommended Direction,Recommended Line,Recommended Probability %,Projection Edge,Even-Money EV %,Recommendation Strength,Lineup Spot,Lineup Source,Today Lineup Spot,Last 7 Mode Spot,Starts in Last 7,Last 7 Lineup Spots,Lineup Consistency %,Start Probability %,Expected PA,Rest/Usage Note,Recent Start Guess 14,Usage Factor,Opp Pitcher,Opp Pitcher Hand,Pitcher ERA,Pitcher WHIP,Pitcher H/BF,Pitcher HR/BF,Pitcher BB/BF,Bullpen ERA,Bullpen WHIP,Bullpen H/BF,Bullpen HR/BF,Venue,Park Factor,Weather Factor,Temp F,Wind MPH,Wind Direction,Precip %,Weather Note,PA,AB,AVG,OBP,SLG,OPS,Hand Split PA,Hand Split OPS,Season H,Season 2B,Season 3B,Season HR,Season R,Season RBI,Season BB,Season HBP,Season SB,Last 5 Fantasy Score Details,Last 10 Fantasy Score Details,Last 15 Fantasy Score Details,Recent FS Games Available,Historical Volatility Games,Historical FS Mean,Historical FS Median,Volatility Source,Last 7 FS/G,Last 14 FS/G,Last 14 AVG,14-Game Batter Status,Last 30 FS/G,Last 14 FS/PA,Last 14 Hit Rate,Last 14 XBH Rate,Last 14 HR Rate,Last 14 BB Rate,Last 14 SB Rate,Season Projected FS,Last 30 Projected FS,Last 14 Projected FS,Last 7 Projected FS,Hand Split Projected FS,Season Weight %,Last 30 Weight %,Last 14 Weight %,Last 7 Weight %,Hand Split Weight %,Statcast Samples,Avg Exit Velo,Hard Hit %,Barrel %,Sweet Spot %,Statcast xwOBA,Statcast Quality Factor,Elite Single Floor Boost,Walk Floor Boost,Run Scoring Boost,Pitch-Type Matchup Factor,Pitch-Type Samples,Pitch-Type Data Source,Single Rate,Double Rate,Triple Rate,HR Rate,BB Rate,HBP Rate,K Rate Model,Groundout Share,Flyout Share,Lineout Share,Run Rate Model,RBI Rate Model,SB Rate,_run_scoring_boost,Confirmed Starter,Sim Std,P25,P75,P90,Simulated PA,Zero PA Probability %,Probability Calibration,Raw P Over 2.5 FS %,Raw P Over 3.0 FS %,Raw P Over 3.5 FS %,Raw P Over 4.0 FS %,Raw P Over 4.5 FS %,Raw P Over 5.0 FS %,Raw P Over 5.5 FS %,Raw P Over 6.0 FS %,Raw P Over 6.5 FS %,Raw P Over 7.0 FS %,Raw P Over 7.5 FS %,Raw P Over 8.0 FS %,Raw P Over 8.5 FS %,Raw P Over 9.0 FS %,Raw P Over 9.5 FS %,Raw P Over 10.0 FS %,Raw P Over 10.5 FS %,Raw P Over 11.0 FS %,Raw P Over 11.5 FS %,Raw P Over 12.0 FS %,Raw P Over 12.5 FS %,Raw P Over 13.0 FS %,Raw P Over 13.5 FS %,Raw P Over 14.0 FS %,Raw P Over 14.5 FS %,Raw P Over 15.0 FS %,Raw P Over 15.5 FS %,Floor Uplift 2.5 FS,Floor Uplift 3.0 FS,Floor Uplift 3.5 FS,Floor Uplift 4.0 FS,Floor Uplift 4.5 FS,Floor Uplift 5.0 FS,Floor Uplift 5.5 FS,Floor Uplift 6.0 FS,Floor Uplift 6.5 FS,Floor Uplift 7.0 FS,Floor Uplift 7.5 FS,Floor Uplift 8.0 FS,Floor Uplift 8.5 FS,Floor Uplift 9.0 FS,Floor Uplift 9.5 FS,Floor Uplift 10.0 FS,Floor Uplift 10.5 FS,Floor Uplift 11.0 FS,Floor Uplift 11.5 FS,Floor Uplift 12.0 FS,Floor Uplift 12.5 FS,Floor Uplift 13.0 FS,Floor Uplift 13.5 FS,Floor Uplift 14.0 FS,Floor Uplift 14.5 FS,Floor Uplift 15.0 FS,Floor Uplift 15.5 FS,Confidence
1,2026-07-16,Juan Soto,NYM,PHI,NYM @ PHI,AWAY,LF,11.52,10.57,10.57,8.36,8.37,7.57,8.81,7.57,0.859,6.4,10.0,9.4,5|0|2|5|20,5|0|2|5|20|4|18|29|14|3,5|0|2|5|20|4|18|29|14|3|21|0|4|7|9,93.9,93.9,89.1,88.7,81.8,76.9,76.4,67.3,66.8,63.0,62.5,53.8,48.3,48.3,44.4,44.4,40.2,37.8,37.8,34.9,34.9,33.3,33.3,28.8,27.6,27.6,23.7,262.88,A,MORE 7.5 | 62.5% | Edge +3.1,MORE,7.5,62.5,3.07,25.0,Good,2,Today Posted,2,2,7,2-2-2-2-2-2-2,100.0,100.0,4.94,Regular,13,1.04,Aaron Nola,R,5.61,1.42,0.2523,0.0477,0.0727,4.22,1.31,0.2303,0.0313,Citizens Bank Park,1.04,1.065,92.7,10.2,213,9,"hot, light wind",336,277,0.292,0.409,0.563,0.972,218,1.05,81,8,2,21,44,51,56,0,7,2026-07-16 @ Philadelphia Phillies: 5 FS|2026-07-12 vs Boston Red Sox: 0 FS|2026-07-11 vs Boston Red Sox: 2 FS|2026-07-10 vs Boston Red Sox: 5 FS|2026-07-09 vs Kansas City Royals: 20 FS,2026-07-16 @ Philadelphia Phillies: 5 FS|2026-07-12 vs Boston Red Sox: 0 FS|2026-07-11 vs Boston Red Sox: 2 FS|2026-07-10 vs Boston Red Sox: 5 FS|2026-07-09 vs Kansas City Royals: 20 FS|2026-07-08 vs Kansas City Royals: 4 FS|2026-07-07 vs Kansas City Royals: 18 FS|2026-07-06 @ Atlanta Braves: 29 FS|2026-07-05 @ Atlanta Braves: 14 FS|2026-07-04 @ Atlanta Braves: 3 FS,2026-07-16 @ Philadelphia Phillies: 5 FS|2026-07-12 vs Boston Red Sox: 0 FS|2026-07-11 vs Boston Red Sox: 2 FS|2026-07-10 vs Boston Red Sox: 5 FS|2026-07-09 vs Kansas City Royals: 20 FS|2026-07-08 vs Kansas City Royals: 4 FS|2026-07-07 vs Kansas City Royals: 18 FS|2026-07-06 @ Atlanta Braves: 29 FS|2026-07-05 @ Atlanta Braves: 14 FS|2026-07-04 @ Atlanta Braves: 3 FS|2026-07-03 @ Atlanta Braves: 21 FS|2026-07-01 @ Toronto Blue Jays: 0 FS|2026-06-30 @ Toronto Blue Jays: 4 FS|2026-06-29 @ Toronto Blue Jays: 7 FS|2026-06-28 vs Philadelphia Phillies: 9 FS,15,30,9.97,6.0,Last 30 games + shrinkage,7.71,9.43,0.25,Neutral,9.97,2.237,0.1864,0.0847,0.0678,0.2373,0.0169,11.9,12.21,11.45,10.92,11.0,28.0,16.0,20.0,16.0,20.0,247,86.03,32.79,3.24,26.32,0.473,1.0548,1.0,1.0,1.0,1.1314,553,Statcast,0.1558,0.051,0.0046,0.0709,0.1252,0.0063,0.1731,0.4161,0.3649,0.219,0.1252,0.1441,0.0125,1.0,Yes,7.57,4.93,15.23,21.25,4.51,0.0,Raw (calibration off),89.8,89.8,82.6,82.6,75.8,71.9,71.9,63.3,63.3,60.0,60.0,52.8,48.3,48.3,44.4,44.4,40.2,37.8,37.8,34.9,34.9,33.3,33.3,28.8,27.6,27.6,23.7,4.1,4.1,6.5,6.1,6.0,5.0,4.5,4.0,3.5,3.0,2.5,1.0,0.0,0.0,0.0,0.0,0.0,0.0,0.0,0.0,0.0,0.0,0.0,0.0,0.0,0.0,0.0,High
2,2026-07-16,A.J. Ewing,NYM,PHI,NYM @ PHI,AWAY,CF,9.86,8.62,8.62,7.08,8.01,7.32,7.69,7.32,0.952,3.6,9.6,8.4,0|7|0|6|5,0|7|0|6|5|19|40|2|17|0,0|7|0|6|5|19|40|2|17|0|2|0|5|4|19,86.8,86.8,76.7,76.2,71.5,70.5,59.3,58.8,55.3,54.8,47.0,45.5,39.4,35.8,35.8,31.2,31.2,29.1,29.1,26.1,26.1,24.4,24.4,20.4,20.4,19.3,19.3,221.26,A-,MORE 6.0 | 58.8% | Edge +2.6,MORE,6.0,58.8,2.62,17.6,Playable,1,Today Posted,1,1,7,1-1-1-1-1-1-1,100.0,100.0,5.04,Regular,12,1.04,Aaron Nola,R,5.61,1.42,0.2523,0.0477,0.0727,4.22,1.31,0.2303,0.0313,Citizens Bank Park,1.04,1.065,92.7,10.2,213,9,"hot, light wind",224,198,0.273,0.347,0.434,0.781,162,0.804,54,9,1,7,27,24,22,1,9,2026-07-16 @ Philadelphia Phillies: 0 FS|2026-07-12 vs Boston Red Sox: 7 FS|2026-07-11 vs Boston Red Sox: 0 FS|2026-07-10 vs Boston Red Sox: 6 FS|2026-07-09 vs Kansas City Royals: 5 FS,2026-07-16 @ Philadelphia Phillies: 0 FS|2026-07-12 vs Boston Red Sox: 7 FS|2026-07-11 vs Boston Red Sox: 0 FS|2026-07-10 vs Boston Red Sox: 6 FS|2026-07-09 vs Kansas City Royals: 5 FS|2026-07-08 vs Kansas City Royals: 19 FS|2026-07-07 vs Kansas City Royals: 40 FS|2026-07-06 @ Atlanta Braves: 2 FS|2026-07-05 @ Atlanta Braves: 17 FS|2026-07-04 @ Atlanta Braves: 0 FS,2026-07-16 @ Philadelphia Phillies: 0 FS|2026-07-12 vs Boston Red Sox: 7 FS|2026-07-11 vs Boston Red Sox: 0 FS|2026-07-10 vs Boston Red Sox: 6 FS|2026-07-09 vs Kansas City Royals: 5 FS|2026-07-08 vs Kansas City Royals: 19 FS|2026-07-07 vs Kansas City Royals: 40 FS|2026-07-06 @ Atlanta Braves: 2 FS|2026-07-05 @ Atlanta Braves: 17 FS|2026-07-04 @ Atlanta Braves: 0 FS|2026-07-03 @ Atlanta Braves: 2 FS|2026-07-01 @ Toronto Blue Jays: 0 FS|2026-06-30 @ Toronto Blue Jays: 5 FS|2026-06-29 @ Toronto Blue Jays: 4 FS|2026-06-28 vs Philadelphia Phillies: 19 FS,15,30,7.9,5.0,Last 30 games + shrinkage,11.0,7.64,0.255,Neutral,7.9,1.945,0.2364,0.0909,0.0545,0.0545,0.0182,9.8,10.51,9.93,10.59,8.8,28.0,16.0,20.0,16.0,20.0,267,80.87,21.35,0.37,29.59,0.408,0.8871,1.0,1.0,1.0,1.0215,530,Statcast,0.1612,0.0507,0.0037,0.0457,0.0733,0.0087,0.2571,0.4844,0.2735,0.2422,0.1405,0.1029,0.0161,1.0,Yes,7.32,3.27,12.79,18.5,4.61,0.0,Raw (calibration off),78.8,78.8,69.2,69.2,65.5,65.5,54.8,54.8,51.8,51.8,44.5,44.5,39.4,35.8,35.8,31.2,31.2,29.1,29.1,26.1,26.1,24.4,24.4,20.4,20.4,19.3,19.3,8.0,8.0,7.5,7.0,6.0,5.0,4.5,4.0,3.5,3.0,2.5,1.0,0.0,0.0,0.0,0.0,0.0,0.0,0.0,0.0,0.0,0.0,0.0,0.0,0.0,0.0,0.0,Low
3,2026-07-16,Carson Benge,NYM,PHI,NYM @ PHI,AWAY,RF,9.22,8.18,8.18,6.3,6.72,6.46,7.51,6.46,0.86,8.4,9.9,9.07,8|0|7|8|19,8|0|7|8|19|10|21|23|0|3,8|0|7|8|19|10|21|23|0|3|3|21|3|3|7,90.0,85.7,85.2,73.6,72.6,68.6,56.4,55.9,52.0,51.5,44.3,42.8,36.7,33.7,33.7,29.3,29.3,27.2,24.3,24.3,22.5,22.5,18.3,18.3,17.0,14.5,14.5,216.68,A-,MORE 5.0 | 68.6% | Edge +3.2,MORE,5.0,68.6,3.18,37.2,Good,5,Today Posted,5,5,7,5-4-4-4-5-5-5,57.1,100.0,4.61,Regular,13,1.04,Aaron Nola,R,5.61,1.42,0.2523,0.0477,0.0727,4.22,1.31,0.2303,0.0313,Citizens Bank Park,1.04,1.065,92.7,10.2,213,9,"hot, light wind",388,355,0.265,0.327,0.403,0.73,291,0.731,94,12,2,11,52,37,29,4,16,2026-07-16 @ Philadelphia Phillies: 8 FS|2026-07-12 vs Boston Red Sox: 0 FS|2026-07-11 vs Boston Red Sox: 7 FS|2026-07-10 vs Boston Red Sox: 8 FS|2026-07-09 vs Kansas City Royals: 19 FS,2026-07-16 @ Philadelphia Phillies: 8 FS|2026-07-12 vs Boston Red Sox: 0 FS|2026-07-11 vs Boston Red Sox: 7 FS|2026-07-10 vs Boston Red Sox: 8 FS|2026-07-09 vs Kansas City Royals: 19 FS|2026-07-08 vs Kansas City Royals: 10 FS|2026-07-07 vs Kansas City Royals: 21 FS|2026-07-06 @ Atlanta Braves: 23 FS|2026-07-05 @ Atlanta Braves: 0 FS|2026-07-04 @ Atlanta Braves: 3 FS,2026-07-16 @ Philadelphia Phillies: 8 FS|2026-07-12 vs Boston Red Sox: 0 FS|2026-07-11 vs Boston Red Sox: 7 FS|2026-07-10 vs Boston Red Sox: 8 FS|2026-07-09 vs Kansas City Royals: 19 FS|2026-07-08 vs Kansas City Royals: 10 FS|2026-07-07 vs Kansas City Royals: 21 FS|2026-07-06 @ Atlanta Braves: 23 FS|2026-07-05 @ Atlanta Braves: 0 FS|2026-07-04 @ Atlanta Braves: 3 FS|2026-07-03 @ Atlanta Braves: 3 FS|2026-07-01 @ Toronto Blue Jays: 21 FS|2026-06-30 @ Toronto Blue Jays: 3 FS|2026-06-29 @ Toronto Blue Jays: 3 FS|2026-06-28 vs Philadelphia Phillies: 7 FS,15,30,8.33,7.5,Last 30 games + shrinkage,10.43,9.21,0.308,Hot,8.33,2.224,0.2759,0.069,0.0345,0.1034,0.0862,9.33,9.35,9.81,9.69,8.0,28.0,16.0,20.0,16.0,20.0,307,83.06,24.43,3.26,35.5,0.446,0.9741,1.0,1.0,1.0,0.9836,654,Statcast,0.1817,0.0458,0.005,0.0418,0.0758,0.0083,0.2264,0.4177,0.3101,0.2722,0.1187,0.1166,0.0262,1.0,Yes,6.46,3.72,11.47,17.49,4.17,0.0,Raw (calibration off),83.4,77.7,77.7,66.6,66.6,63.6,51.9,51.9,48.5,48.5,41.8,41.8,36.7,33.7,33.7,29.3,29.3,27.2,24.3,24.3,22.5,22.5,18.3,18.3,17.0,14.5,14.5,6.6,8.0,7.5,7.0,6.0,5.0,4.5,4.0,3.5,3.0,2.5,1.0,0.0,0.0,0.0,0.0,0.0,0.0,0.0,0.0,0.0,0.0,0.0,0.0,0.0,0.0,0.0,Low
4,2026-07-16,Francisco Lindor,NYM,PHI,NYM @ PHI,AWAY,SS,9.18,8.17,8.17,5.56,6.87,6.56,7.96,6.56,0.824,5.2,5.4,6.87,0|21|2|3|0,0|21|2|3|0|5|2|0|13|8,0|21|2|3|0|5|2|0|13|8|3|16|0|14|16,88.7,88.7,81.3,70.8,69.8,65.4,64.9,53.8,50.4,49.9,42.7,41.2,36.3,33.1,33.1,29.2,29.2,27.4,25.0,25.0,23.8,19.8,19.8,18.9,18.9,15.7,14.1,204.51,B+,MORE 5.5 | 64.9% | Edge +2.7,MORE,5.5,64.9,2.67,29.8,Good,4,Today Posted,4,3,6,3-3-3-4-4-4,50.0,100.0,4.73,Regular,12,1.04,Aaron Nola,R,5.61,1.42,0.2523,0.0477,0.0727,4.22,1.31,0.2303,0.0313,Citizens Bank Park,1.04,1.065,92.7,10.2,213,9,"hot, light wind",173,155,0.213,0.295,0.368,0.663,120,0.677,33,3,3,5,22,12,16,2,2,2026-07-16 @ Philadelphia Phillies: 0 FS|2026-07-12 vs Boston Red Sox: 21 FS|2026-07-11 vs Boston Red Sox: 2 FS|2026-07-10 vs Boston Red Sox: 3 FS|2026-07-09 vs Kansas City Royals: 0 FS,2026-07-16 @ Philadelphia Phillies: 0 FS|2026-07-12 vs Boston Red Sox: 21 FS|2026-07-11 vs Boston Red Sox: 2 FS|2026-07-10 vs Boston Red Sox: 3 FS|2026-07-09 vs Kansas City Royals: 0 FS|2026-07-08 vs Kansas City Royals: 5 FS|2026-07-07 vs Kansas City Royals: 2 FS|2026-07-06 @ Atlanta Braves: 0 FS|2026-07-05 @ Atlanta Braves: 13 FS|2026-07-04 @ Atlanta Braves: 8 FS,2026-07-16 @ Philadelphia Phillies: 0 FS|2026-07-12 vs Boston Red Sox: 21 FS|2026-07-11 vs Boston Red Sox: 2 FS|2026-07-10 vs Boston Red Sox: 3 FS|2026-07-09 vs Kansas City Royals: 0 FS|2026-07-08 vs Kansas City Royals: 5 FS|2026-07-07 vs Kansas City Royals: 2 FS|2026-07-06 @ Atlanta Braves: 0 FS|2026-07-05 @ Atlanta Braves: 13 FS|2026-07-04 @ Atlanta Braves: 8 FS|2026-07-03 @ Atlanta Braves: 3 FS|2026-07-01 @ Toronto Blue Jays: 16 FS|2026-06-30 @ Toronto Blue Jays: 0 FS|2026-06-29 @ Toronto Blue Jays: 14 FS|2026-06-27 vs Philadelphia Phillies: 16 FS,15,30,6.37,3.0,Last 30 games + shrinkage,4.71,6.21,0.2,Neutral,6.37,1.582,0.1818,0.0727,0.0545,0.0727,0.0,9.11,9.35,9.53,9.44,8.58,28.0,16.0,20.0,16.0,20.0,92,85.4,40.22,1.09,29.35,0.359,0.9673,1.0,1.0,1.0,1.0763,185,Statcast,0.1478,0.0455,0.0068,0.0506,0.0706,0.0098,0.1905,0.4399,0.34,0.2201,0.1221,0.1248,0.0108,1.0,Yes,6.56,3.08,12.15,17.1,4.33,0.0,Raw (calibration off),81.1,81.1,73.8,63.8,63.8,60.4,60.4,49.8,46.9,46.9,40.2,40.2,36.3,33.1,33.1,29.2,29.2,27.4,25.0,25.0,23.8,19.8,19.8,18.9,18.9,15.7,14.1,7.6,7.6,7.5,7.0,6.0,5.0,4.5,4.0,3.5,3.0,2.5,1.0,0.0,0.0,0.0,0.0,0.0,0.0,0.0,0.0,0.0,0.0,0.0,0.0,0.0,0.0,0.0,Low
5,2026-07-16,Kyle Schwarber,PHI,NYM,NYM @ PHI,HOME,DH,9.45,8.06,8.06,5.17,8.12,7.4,7.83,7.4,0.945,3.2,6.6,7.2,0|8|3|2|3,0|8|3|2|3|16|19|2|2|11,0|8|3|2|3|16|19|2|2|11|2|2|8|4|26,80.3,80.3,71.7,71.2,63.6,62.6,53.4,52.9,48.4,47.9,41.0,39.5,34.8,31.3,31.3,28.7,28.7,27.1,27.1,25.5,25.5,24.3,24.3,20.1,20.1,19.5,19.5,202.96,B+,MORE 5.0 | 62.6% | Edge +3.1,MORE,5.0,62.6,3.06,25.2,Good,2,Today Posted,2,2,7,2-2-2-2-2-2-2,100.0,100.0,5.02,Regular,13,1.04,Christian Scott,R,2.98,1.26,0.1878,0.0286,0.1061,4.25,1.31,0.2097,0.0285,Citizens Bank Park,1.04,1.065,92.7,10.2,213,9,"hot, light wind",416,352,0.253,0.365,0.557,0.922,255,0.902,89,9,1,32,57,59,59,4,2,2026-07-16 vs New York Mets: 0 FS|2026-07-12 @ Detroit Tigers: 8 FS|2026-07-11 @ Detroit Tigers: 3 FS|2026-07-10 @ Detroit Tigers: 2 FS|2026-07-09 @ Cincinnati Reds: 3 FS,2026-07-16 vs New York Mets: 0 FS|2026-07-12 @ Detroit Tigers: 8 FS|2026-07-11 @ Detroit Tigers: 3 FS|2026-07-10 @ Detroit Tigers: 2 FS|2026-07-09 @ Cincinnati Reds: 3 FS|2026-07-08 @ Cincinnati Reds: 16 FS|2026-07-07 @ Cincinnati Reds: 19 FS|2026-07-06 @ Kansas City Royals: 2 FS|2026-07-05 @ Kansas City Royals: 2 FS|2026-07-04 @ Kansas City Royals: 11 FS,2026-07-16 vs New York Mets: 0 FS|2026-07-12 @ Detroit Tigers: 8 FS|2026-07-11 @ Detroit Tigers: 3 FS|2026-07-10 @ Detroit Tigers: 2 FS|2026-07-09 @ Cincinnati Reds: 3 FS|2026-07-08 @ Cincinnati Reds: 16 FS|2026-07-07 @ Cincinnati Reds: 19 FS|2026-07-06 @ Kansas City Royals: 2 FS|2026-07-05 @ Kansas City Royals: 2 FS|2026-07-04 @ Kansas City Royals: 11 FS|2026-07-02 vs Pittsburgh Pirates: 2 FS|2026-07-01 vs Pittsburgh Pirates: 2 FS|2026-06-30 vs Pittsburgh Pirates: 8 FS|2026-06-29 vs Pittsburgh Pirates: 4 FS|2026-06-28 @ New York Mets: 26 FS,15,30,9.07,4.5,Last 30 games + shrinkage,7.29,5.86,0.235,Neutral,9.07,1.367,0.2,0.0333,0.0333,0.1333,0.0,10.4,10.1,8.21,8.93,9.22,28.0,16.0,20.0,16.0,20.0,240,86.08,33.75,2.08,29.58,0.526,1.0891,1.0,1.0,1.0,0.9942,502,Statcast,0.1196,0.0297,0.0027,0.0561,0.1341,0.0103,0.3181,0.44,0.36,0.2,0.1115,0.1166,0.0091,1.0,Yes,7.4,2.33,12.73,18.4,4.36,0.0,Raw (calibration off),72.3,72.3,64.2,64.2,57.6,57.6,48.9,48.9,44.9,44.9,38.5,38.5,34.8,31.3,31.3,28.7,28.7,27.1,27.1,25.5,25.5,24.3,24.3,20.1,20.1,19.5,19.5,8.0,8.0,7.5,7.0,6.0,5.0,4.5,4.0,3.5,3.0,2.5,1.0,0.0,0.0,0.0,0.0,0.0,0.0,0.0,0.0,0.0,0.0,0.0,0.0,0.0,0.0,0.0,Low
6,2026-07-16,Bo Bichette,NYM,PHI,NYM @ PHI,AWAY,SS,8.47,7.44,7.44,5.25,6.7,6.44,7.18,6.44,0.898,1.4,5.4,4.73,0|0|2|2|3,0|0|2|2|3|5|8|19|5|10,0|0|2|2|3|5|8|19|5|10|2|3|0|5|7,88.2,82.4,69.5,69.0,65.1,64.1,52.6,52.1,48.1,47.6,40.9,34.0,33.0,29.5,29.5,25.1,25.1,23.3,23.3,20.6,19.1,19.1,16.2,16.2,15.1,15.1,12.4,191.44,B,MORE 5.0 | 64.1% | Edge +2.4,MORE,5.0,64.1,2.44,28.2,Good,3,Today Posted,3,3,4,3-3-3-3,100.0,100.0,4.73,Likely regular,11,1.0,Aaron Nola,R,5.61,1.42,0.2523,0.0477,0.0727,4.22,1.31,0.2303,0.0313,Citizens Bank Park,1.04,1.065,92.7,10.2,213,9,"hot, light wind",415,382,0.254,0.299,0.374,0.673,306,0.659,97,14,1,10,48,51,25,2,1,2026-07-16 @ Philadelphia Phillies: 0 FS|2026-07-12 vs Boston Red Sox: 0 FS|2026-07-11 vs Boston Red Sox: 2 FS|2026-07-09 vs Kansas City Royals: 2 FS|2026-07-08 vs Kansas City Royals: 3 FS,2026-07-16 @ Philadelphia Phillies: 0 FS|2026-07-12 vs Boston Red Sox: 0 FS|2026-07-11 vs Boston Red Sox: 2 FS|2026-07-09 vs Kansas City Royals: 2 FS|2026-07-08 vs Kansas City Royals: 3 FS|2026-07-07 vs Kansas City Royals: 5 FS|2026-07-06 @ Atlanta Braves: 8 FS|2026-07-05 @ Atlanta Braves: 19 FS|2026-07-04 @ Atlanta Braves: 5 FS|2026-07-03 @ Atlanta Braves: 10 FS,2026-07-16 @ Philadelphia Phillies: 0 FS|2026-07-12 vs Boston Red Sox: 0 FS|2026-07-11 vs Boston Red Sox: 2 FS|2026-07-09 vs Kansas City Royals: 2 FS|2026-07-08 vs Kansas City Royals: 3 FS|2026-07-07 vs Kansas City Royals: 5 FS|2026-07-06 @ Atlanta Braves: 8 FS|2026-07-05 @ Atlanta Braves: 19 FS|2026-07-04 @ Atlanta Braves: 5 FS|2026-07-03 @ Atlanta Braves: 10 FS|2026-07-01 @ Toronto Blue Jays: 2 FS|2026-06-30 @ Toronto Blue Jays: 3 FS|2026-06-29 @ Toronto Blue Jays: 0 FS|2026-06-28 vs Philadelphia Phillies: 5 FS|2026-06-27 vs Philadelphia Phillies: 7 FS,15,30,8.1,5.0,Last 30 games + shrinkage,2.86,4.57,0.25,Neutral,8.1,1.208,0.2264,0.0189,0.0,0.0755,0.0,8.59,9.93,8.15,8.25,7.62,28.0,16.0,20.0,16.0,20.0,326,83.06,25.46,0.92,41.41,0.387,0.9144,1.0,1.0,1.0,0.9573,535,Statcast,0.174,0.0437,0.0037,0.0339,0.0622,0.0076,0.2043,0.4321,0.284,0.284,0.117,0.1336,0.0082,1.0,Yes,6.44,2.56,10.64,16.92,4.41,0.0,Raw (calibration off),80.3,74.4,62.0,62.0,59.1,59.1,48.1,48.1,44.6,44.6,38.4,33.0,33.0,29.5,29.5,25.1,25.1,23.3,23.3,20.6,19.1,19.1,16.2,16.2,15.1,15.1,12.4,7.9,8.0,7.5,7.0,6.0,5.0,4.5,4.0,3.5,3.0,2.5,1.0,0.0,0.0,0.0,0.0,0.0,0.0,0.0,0.0,0.0,0.0,0.0,0.0,0.0,0.0,0.0,Low
7,2026-07-16,Bryce Harper,PHI,NYM,NYM @ PHI,HOME,1B,8.78,7.09,7.09,5.04,7.29,6.83,6.98,6.83,0.979,4.4,3.9,5.6,5|5|8|4|0,5|5|8|4|0|6|0|6|0|5,5|5|8|4|0|6|0|6|0|5|7|11|7|18|2,77.7,77.7,69.4,68.9,60.9,59.9,49.1,48.6,44.4,43.9,36.1,31.5,30.5,26.6,26.6,23.7,23.7,21.9,21.9,19.9,19.9,18.8,18.8,15.2,15.2,14.5,14.5,184.88,B,MORE 5.0 | 59.9% | Edge +2.1,MORE,5.0,59.9,2.09,19.8,Playable,3,Today Posted,3,3,7,3-3-3-3-1-3-3,85.7,100.0,4.92,Regular,13,1.04,Christian Scott,R,2.98,1.26,0.1878,0.0286,0.1061,4.25,1.31,0.2097,0.0285,Citizens Bank Park,1.04,1.065,92.7,10.2,213,9,"hot, light wind",410,344,0.262,0.366,0.5,0.866,249,1.002,90,18,2,20,59,57,60,0,5,2026-07-16 vs New York Mets: 5 FS|2026-07-12 @ Detroit Tigers: 5 FS|2026-07-11 @ Detroit Tigers: 8 FS|2026-07-10 @ Detroit Tigers: 4 FS|2026-07-09 @ Cincinnati Reds: 0 FS,2026-07-16 vs New York Mets: 5 FS|2026-07-12 @ Detroit Tigers: 5 FS|2026-07-11 @ Detroit Tigers: 8 FS|2026-07-10 @ Detroit Tigers: 4 FS|2026-07-09 @ Cincinnati Reds: 0 FS|2026-07-08 @ Cincinnati Reds: 6 FS|2026-07-07 @ Cincinnati Reds: 0 FS|2026-07-06 @ Kansas City Royals: 6 FS|2026-07-05 @ Kansas City Royals: 0 FS|2026-07-04 @ Kansas City Royals: 5 FS,2026-07-16 vs New York Mets: 5 FS|2026-07-12 @ Detroit Tigers: 5 FS|2026-07-11 @ Detroit Tigers: 8 FS|2026-07-10 @ Detroit Tigers: 4 FS|2026-07-09 @ Cincinnati Reds: 0 FS|2026-07-08 @ Cincinnati Reds: 6 FS|2026-07-07 @ Cincinnati Reds: 0 FS|2026-07-06 @ Kansas City Royals: 6 FS|2026-07-05 @ Kansas City Royals: 0 FS|2026-07-04 @ Kansas City Royals: 5 FS|2026-07-02 vs Pittsburgh Pirates: 7 FS|2026-07-01 vs Pittsburgh Pirates: 11 FS|2026-06-30 vs Pittsburgh Pirates: 7 FS|2026-06-29 vs Pittsburgh Pirates: 18 FS|2026-06-28 @ New York Mets: 2 FS,15,30,7.77,5.5,Last 30 games + shrinkage,4.0,5.86,0.18,Cold,7.77,1.367,0.15,0.0833,0.0167,0.1667,0.0,9.59,8.83,7.99,7.76,9.22,28.0,16.0,20.0,16.0,20.0,270,83.78,27.78,2.22,28.89,0.437,0.9778,1.0,1.0,1.0,1.103,498,Statcast,0.1022,0.0478,0.0035,0.0386,0.1393,0.0083,0.2275,0.4616,0.2692,0.2692,0.1114,0.1292,0.0097,1.0,Yes,6.83,2.11,9.94,17.77,4.27,0.0,Raw (calibration off),69.7,69.7,61.9,61.9,54.9,54.9,44.6,44.6,40.9,40.9,33.6,30.5,30.5,26.6,26.6,23.7,23.7,21.9,21.9,19.9,19.9,18.8,18.8,15.2,15.2,14.5,14.5,8.0,8.0,7.5,7.0,6.0,5.0,4.5,4.0,3.5,3.0,2.5,1.0,0.0,0.0,0.0,0.0,0.0,0.0,0.0,0.0,0.0,0.0,0.0,0.0,0.0,0.0,0.0,Low
8,2026-07-16,Francisco Alvarez,NYM,PHI,NYM @ PHI,AWAY,C,7.0,7.27,7.27,5.44,5.76,5.85,7.28,5.85,0.804,6.8,6.4,5.2,14|8|0|5|7,14|8|0|5|7|8|2|6|0|14,14|8|0|5|7|8|2|6|0|14|5|7|0|0|2,85.3,85.3,78.6,66.9,65.9,61.8,50.2,49.7,46.3,45.8,38.9,33.5,32.5,29.3,25.7,25.7,24.2,24.2,21.9,20.6,20.6,16.4,15.6,15.6,12.4,12.4,10.7,180.98,B-,MORE 5.0 | 61.8% | Edge +2.3,MORE,5.0,61.8,2.27,23.6,Playable,9,Today Posted,9,7,5,7-7-5-9-7,60.0,100.0,3.8,Regular,12,1.04,Aaron Nola,R,5.61,1.42,0.2523,0.0477,0.0727,4.22,1.31,0.2303,0.0313,Citizens Bank Park,1.04,1.065,92.7,10.2,213,9,"hot, light wind",233,210,0.257,0.32,0.433,0.753,174,0.749,54,7,0,10,20,23,17,3,0,2026-07-16 @ Philadelphia Phillies: 14 FS|2026-07-11 vs Boston Red Sox: 8 FS|2026-07-10 vs Boston Red Sox: 0 FS|2026-07-09 vs Kansas City Royals: 5 FS|2026-07-08 vs Kansas City Royals: 7 FS,2026-07-16 @ Philadelphia Phillies: 14 FS|2026-07-11 vs Boston Red Sox: 8 FS|2026-07-10 vs Boston Red Sox: 0 FS|2026-07-09 vs Kansas City Royals: 5 FS|2026-07-08 vs Kansas City Royals: 7 FS|2026-07-06 @ Atlanta Braves: 8 FS|2026-07-04 @ Atlanta Braves: 2 FS|2026-07-03 @ Atlanta Braves: 6 FS|2026-07-01 @ Toronto Blue Jays: 0 FS|2026-06-30 @ Toronto Blue Jays: 14 FS,2026-07-16 @ Philadelphia Phillies: 14 FS|2026-07-11 vs Boston Red Sox: 8 FS|2026-07-10 vs Boston Red Sox: 0 FS|2026-07-09 vs Kansas City Royals: 5 FS|2026-07-08 vs Kansas City Royals: 7 FS|2026-07-06 @ Atlanta Braves: 8 FS|2026-07-04 @ Atlanta Braves: 2 FS|2026-07-03 @ Atlanta Braves: 6 FS|2026-07-01 @ Toronto Blue Jays: 0 FS|2026-06-30 @ Toronto Blue Jays: 14 FS|2026-06-29 @ Toronto Blue Jays: 5 FS|2026-06-28 vs Philadelphia Phillies: 7 FS|2026-06-27 vs Philadelphia Phillies: 0 FS|2026-06-26 vs Philadelphia Phillies: 0 FS|2026-06-25 vs Chicago Cubs: 2 FS,15,30,6.4,5.0,Last 30 games + shrinkage,6.29,5.43,0.255,Neutral,6.4,1.52,0.24,0.08,0.04,0.04,0.0,6.99,7.37,6.94,7.14,6.67,28.0,16.0,20.0,16.0,20.0,125,83.75,28.8,3.2,32.8,0.438,0.9889,1.0,1.0,1.0,0.9816,271,Statcast,0.1687,0.0481,0.0034,0.0523,0.0665,0.0105,0.2534,0.5085,0.2712,0.2203,0.0816,0.0936,0.0088,1.0,Yes,5.85,3.03,10.27,15.9,3.66,0.0,Raw (calibration off),77.3,77.3,71.1,59.9,59.9,56.8,45.7,45.7,42.8,42.8,36.4,32.5,32.5,29.3,25.7,25.7,24.2,24.2,21.9,20.6,20.6,16.4,15.6,15.6,12.4,12.4,10.7,8.0,8.0,7.5,7.0,6.0,5.0,4.5,4.0,3.5,3.0,2.5,1.0,0.0,0.0,0.0,0.0,0.0,0.0,0.0,0.0,0.0,0.0,0.0,0.0,0.0,0.0,0.0,Low
9,2026-07-16,Jared Young,NYM,PHI,NYM @ PHI,AWAY,1B,7.02,7.06,7.06,5.47,5.06,5.43,7.01,5.43,0.774,6.2,5.1,4.2,0|3|8|12|8,0|3|8|12|8|6|7|7|0|0,0|3|8|12|8|6|7|7|0|0|0|3|3|2|4,85.9,85.9,78.2,67.3,66.3,61.7,50.1,49.6,46.4,45.9,38.1,32.8,31.8,28.2,23.8,23.8,22.2,19.5,19.5,18.4,14.6,14.6,13.7,11.3,11.3,9.6,9.6,173.86,B-,MORE 5.0 | 61.7% | Edge +2.1,MORE,5.0,61.7,2.06,23.4,Playable,7,Today Posted,7,6,5,6-6-7-7-6,60.0,100.0,3.95,Likely regular,10,1.0,Aaron Nola,R,5.61,1.42,0.2523,0.0477,0.0727,4.22,1.31,0.2303,0.0313,Citizens Bank Park,1.04,1.065,92.7,10.2,213,9,"hot, light wind",158,142,0.246,0.316,0.423,0.739,141,0.783,35,7,0,6,16,18,11,4,0,2026-07-16 @ Philadelphia Phillies: 0 FS|2026-07-12 vs Boston Red Sox: 3 FS|2026-07-10 vs Boston Red Sox: 8 FS|2026-07-09 vs Kansas City Royals: 12 FS|2026-07-08 vs Kansas City Royals: 8 FS,2026-07-16 @ Philadelphia Phillies: 0 FS|2026-07-12 vs Boston Red Sox: 3 FS|2026-07-10 vs Boston Red Sox: 8 FS|2026-07-09 vs Kansas City Royals: 12 FS|2026-07-08 vs Kansas City Royals: 8 FS|2026-07-07 vs Kansas City Royals: 6 FS|2026-07-06 @ Atlanta Braves: 7 FS|2026-07-05 @ Atlanta Braves: 7 FS|2026-07-04 @ Atlanta Braves: 0 FS|2026-07-03 @ Atlanta Braves: 0 FS,2026-07-16 @ Philadelphia Phillies: 0 FS|2026-07-12 vs Boston Red Sox: 3 FS|2026-07-10 vs Boston Red Sox: 8 FS|2026-07-09 vs Kansas City Royals: 12 FS|2026-07-08 vs Kansas City Royals: 8 FS|2026-07-07 vs Kansas City Royals: 6 FS|2026-07-06 @ Atlanta Braves: 7 FS|2026-07-05 @ Atlanta Braves: 7 FS|2026-07-04 @ Atlanta Braves: 0 FS|2026-07-03 @ Atlanta Braves: 0 FS|2026-07-01 @ Toronto Blue Jays: 0 FS|2026-06-30 @ Toronto Blue Jays: 3 FS|2026-06-29 @ Toronto Blue Jays: 3 FS|2026-06-28 vs Philadelphia Phillies: 2 FS|2026-06-27 vs Philadelphia Phillies: 4 FS,15,30,4.6,3.0,Last 30 games + shrinkage,6.29,4.21,0.268,Neutral,4.6,1.311,0.2444,0.0667,0.0,0.0222,0.0,7.18,6.81,6.7,7.32,7.02,28.0,16.0,20.0,16.0,20.0,168,83.89,27.38,0.6,26.79,0.364,0.9104,1.0,1.0,1.0,1.0023,360,Statcast,0.1544,0.0563,0.0035,0.0396,0.0637,0.0152,0.2233,0.482,0.2771,0.2409,0.0933,0.1081,0.0094,1.0,Yes,5.43,3.14,9.34,14.76,3.95,0.0,Raw (calibration off),77.9,77.9,70.7,60.3,60.3,56.7,45.6,45.6,42.9,42.9,35.6,31.8,31.8,28.2,23.8,23.8,22.2,19.5,19.5,18.4,14.6,14.6,13.7,11.3,11.3,9.6,9.6,8.0,8.0,7.5,7.0,6.0,5.0,4.5,4.0,3.5,3.0,2.5,1.0,0.0,0.0,0.0,0.0,0.0,0.0,0.0,0.0,0.0,0.0,0.0,0.0,0.0,0.0,0.0,Low
10,2026-07-16,Trea Turner,PHI,NYM,NYM @ PHI,HOME,SS,7.71,5.99,5.99,5.0,6.51,6.32,6.35,6.32,0.995,2.2,3.9,8.0,0|5|4|0|2,0|5|4|0|2|7|13|0|5|3,0|5|4|0|2|7|13|0|5|3|23|25|19|10|4,73.2,73.2,62.7,62.2,56.2,55.2,43.3,39.6,39.1,31.3,30.8,25.5,24.5,21.5,21.5,18.1,18.1,16.7,16.7,15.0,15.0,14.0,14.0,10.5,10.5,9.9,9.9,171.33,C+,MORE 4.0 | 62.2% | Edge +2.0,MORE,4.0,62.2,1.99,24.4,Good,1,Today Posted,1,1,6,1-1-1-1-1-1,100.0,100.0,5.13,Regular,13,1.04,Christian Scott,R,2.98,1.26,0.1878,0.0286,0.1061,4.25,1.31,0.2097,0.0285,Citizens Bank Park,1.04,1.065,92.7,10.2,213,9,"hot, light wind",417,388,0.235,0.283,0.353,0.636,275,0.679,91,16,0,10,62,33,25,2,16,2026-07-16 vs New York Mets: 0 FS|2026-07-12 @ Detroit Tigers: 5 FS|2026-07-11 @ Detroit Tigers: 4 FS|2026-07-10 @ Detroit Tigers: 0 FS|2026-07-09 @ Cincinnati Reds: 2 FS,2026-07-16 vs New York Mets: 0 FS|2026-07-12 @ Detroit Tigers: 5 FS|2026-07-11 @ Detroit Tigers: 4 FS|2026-07-10 @ Detroit Tigers: 0 FS|2026-07-09 @ Cincinnati Reds: 2 FS|2026-07-07 @ Cincinnati Reds: 7 FS|2026-07-06 @ Kansas City Royals: 13 FS|2026-07-05 @ Kansas City Royals: 0 FS|2026-07-04 @ Kansas City Royals: 5 FS|2026-07-02 vs Pittsburgh Pirates: 3 FS,2026-07-16 vs New York Mets: 0 FS|2026-07-12 @ Detroit Tigers: 5 FS|2026-07-11 @ Detroit Tigers: 4 FS|2026-07-10 @ Detroit Tigers: 0 FS|2026-07-09 @ Cincinnati Reds: 2 FS|2026-07-07 @ Cincinnati Reds: 7 FS|2026-07-06 @ Kansas City Royals: 13 FS|2026-07-05 @ Kansas City Royals: 0 FS|2026-07-04 @ Kansas City Royals: 5 FS|2026-07-02 vs Pittsburgh Pirates: 3 FS|2026-07-01 vs Pittsburgh Pirates: 23 FS|2026-06-30 vs Pittsburgh Pirates: 25 FS|2026-06-29 vs Pittsburgh Pirates: 19 FS|2026-06-28 @ New York Mets: 10 FS|2026-06-27 @ New York Mets: 4 FS,15,30,7.27,5.0,Last 30 games + shrinkage,4.43,8.29,0.246,Neutral,7.27,1.902,0.2295,0.082,0.0492,0.0492,0.0164,7.94,7.95,8.36,7.52,6.71,28.0,16.0,20.0,16.0,20.0,287,82.71,26.13,1.74,34.49,0.363,0.9011,1.0,1.0,1.0,0.9777,482,Statcast,0.1192,0.0351,0.0022,0.0257,0.0822,0.0107,0.2402,0.4863,0.2876,0.2261,0.1285,0.0878,0.0156,1.0,Yes,6.32,2.02,7.99,14.96,4.47,0.0,Raw (calibration off),65.2,65.2,55.2,55.2,50.2,50.2,38.8,35.6,35.6,28.3,28.3,24.5,24.5,21.5,21.5,18.1,18.1,16.7,16.7,15.0,15.0,14.0,14.0,10.5,10.5,9.9,9.9,8.0,8.0,7.5,7.0,6.0,5.0,4.5,4.0,3.5,3.0,2.5,1.0,0.0,0.0,0.0,0.0,0.0,0.0,0.0,0.0,0.0,0.0,0.0,0.0,0.0,0.0,0.0,Pass
11,2026-07-16,Brandon Marsh,PHI,NYM,NYM @ PHI,HOME,LF,7.95,6.24,6.24,3.1,9.27,8.2,6.76,7.83,1.213,3.4,2.7,5.87,0|4|4|3|6,0|4|4|3|6|5|0|2|3|0,0|4|4|3|6|5|0|2|3|0|0|21|2|28|10,61.4,61.4,56.8,56.3,44.8,43.8,43.3,39.3,38.8,32.1,31.6,27.0,26.0,26.0,23.1,23.1,20.3,20.3,20.3,18.7,18.7,16.7,16.7,16.7,16.0,16.0,12.8,169.73,C+,MORE 3.0 | 61.4% | Edge +3.2,MORE,3.0,61.4,3.24,22.8,Playable,4,Today Posted,4,4,6,6-4-4-4-3-5,50.0,100.0,4.82,Regular,12,1.04,Christian Scott,R,2.98,1.26,0.1878,0.0286,0.1061,4.25,1.31,0.2097,0.0285,Citizens Bank Park,1.04,1.065,92.7,10.2,213,9,"hot, light wind",364,340,0.3,0.338,0.488,0.826,264,0.886,102,15,2,15,52,46,19,2,8,2026-07-16 vs New York Mets: 0 FS|2026-07-12 @ Detroit Tigers: 4 FS|2026-07-11 @ Detroit Tigers: 4 FS|2026-07-10 @ Detroit Tigers: 3 FS|2026-07-09 @ Cincinnati Reds: 6 FS,2026-07-16 vs New York Mets: 0 FS|2026-07-12 @ Detroit Tigers: 4 FS|2026-07-11 @ Detroit Tigers: 4 FS|2026-07-10 @ Detroit Tigers: 3 FS|2026-07-09 @ Cincinnati Reds: 6 FS|2026-07-08 @ Cincinnati Reds: 5 FS|2026-07-07 @ Cincinnati Reds: 0 FS|2026-07-06 @ Kansas City Royals: 2 FS|2026-07-05 @ Kansas City Royals: 3 FS|2026-07-04 @ Kansas City Royals: 0 FS,2026-07-16 vs New York Mets: 0 FS|2026-07-12 @ Detroit Tigers: 4 FS|2026-07-11 @ Detroit Tigers: 4 FS|2026-07-10 @ Detroit Tigers: 3 FS|2026-07-09 @ Cincinnati Reds: 6 FS|2026-07-08 @ Cincinnati Reds: 5 FS|2026-07-07 @ Cincinnati Reds: 0 FS|2026-07-06 @ Kansas City Royals: 2 FS|2026-07-05 @ Kansas City Royals: 3 FS|2026-07-04 @ Kansas City Royals: 0 FS|2026-07-02 vs Pittsburgh Pirates: 0 FS|2026-07-01 vs Pittsburgh Pirates: 21 FS|2026-06-30 vs Pittsburgh Pirates: 2 FS|2026-06-29 vs Pittsburgh Pirates: 28 FS|2026-06-28 @ New York Mets: 10 FS,15,30,7.9,4.0,Last 30 games + shrinkage,3.14,5.57,0.18,Cold,7.9,1.418,0.1636,0.0545,0.0545,0.0909,0.0,8.55,8.36,7.46,7.37,7.72,28.0,16.0,20.0,16.0,20.0,272,80.72,20.22,2.57,35.29,0.434,0.9192,1.0,1.0,1.0,0.9756,495,Statcast,0.126,0.0333,0.0029,0.0331,0.0911,0.0094,0.2655,0.3771,0.2719,0.3509,0.114,0.1292,0.0129,1.0,Yes,7.83,0.67,9.16,17.65,4.2,0.0,Raw (calibration off),53.4,53.4,49.3,49.3,38.8,38.8,38.8,35.3,35.3,29.1,29.1,26.0,26.0,26.0,23.1,23.1,20.3,20.3,20.3,18.7,18.7,16.7,16.7,16.7,16.0,16.0,12.8,8.0,8.0,7.5,7.0,6.0,5.0,4.5,4.0,3.5,3.0,2.5,1.0,0.0,0.0,0.0,0.0,0.0,0.0,0.0,0.0,0.0,0.0,0.0,0.0,0.0,0.0,0.0,Low
12,2026-07-16,Brett Baty,NYM,PHI,NYM @ PHI,AWAY,3B,6.68,6.37,6.37,5.33,4.32,5.02,6.62,5.02,0.759,7.8,7.7,6.8,0|0|2|27|10,0|0|2|27|10|9|9|3|12|5,0|0|2|27|10|9|9|3|12|5|5|5|7|0|8,83.3,83.3,74.9,63.5,62.5,57.5,46.0,45.5,42.3,34.6,34.1,28.6,24.3,24.3,20.7,19.1,19.1,16.7,15.5,15.5,12.1,11.3,11.3,8.8,7.6,7.6,6.4,166.06,C,MORE 4.5 | 62.5% | Edge +1.9,MORE,4.5,62.5,1.87,25.0,Good,8,Today Posted,8,8,7,8-8-8-8-8-8-8,100.0,100.0,3.95,Regular,12,1.04,Aaron Nola,R,5.61,1.42,0.2523,0.0477,0.0727,4.22,1.31,0.2303,0.0313,Citizens Bank Park,1.04,1.065,92.7,10.2,213,9,"hot, light wind",329,291,0.22,0.296,0.313,0.609,258,0.64,64,13,1,4,35,31,30,3,5,2026-07-16 @ Philadelphia Phillies: 0 FS|2026-07-12 vs Boston Red Sox: 0 FS|2026-07-11 vs Boston Red Sox: 2 FS|2026-07-10 vs Boston Red Sox: 27 FS|2026-07-09 vs Kansas City Royals: 10 FS,2026-07-16 @ Philadelphia Phillies: 0 FS|2026-07-12 vs Boston Red Sox: 0 FS|2026-07-11 vs Boston Red Sox: 2 FS|2026-07-10 vs Boston Red Sox: 27 FS|2026-07-09 vs Kansas City Royals: 10 FS|2026-07-08 vs Kansas City Royals: 9 FS|2026-07-07 vs Kansas City Royals: 9 FS|2026-07-06 @ Atlanta Braves: 3 FS|2026-07-05 @ Atlanta Braves: 12 FS|2026-07-04 @ Atlanta Braves: 5 FS,2026-07-16 @ Philadelphia Phillies: 0 FS|2026-07-12 vs Boston Red Sox: 0 FS|2026-07-11 vs Boston Red Sox: 2 FS|2026-07-10 vs Boston Red Sox: 27 FS|2026-07-09 vs Kansas City Royals: 10 FS|2026-07-08 vs Kansas City Royals: 9 FS|2026-07-07 vs Kansas City Royals: 9 FS|2026-07-06 @ Atlanta Braves: 3 FS|2026-07-05 @ Atlanta Braves: 12 FS|2026-07-04 @ Atlanta Braves: 5 FS|2026-07-03 @ Atlanta Braves: 5 FS|2026-07-01 @ Toronto Blue Jays: 5 FS|2026-06-30 @ Toronto Blue Jays: 7 FS|2026-06-29 @ Toronto Blue Jays: 0 FS|2026-06-28 vs Philadelphia Phillies: 8 FS,15,30,4.53,2.5,Last 30 games + shrinkage,8.14,6.71,0.271,Neutral,4.53,1.808,0.25,0.0962,0.0192,0.0385,0.0385,6.41,6.36,7.28,7.5,6.03,28.0,16.0,20.0,16.0,20.0,231,82.66,21.65,0.87,31.6,0.386,0.8969,1.0,1.0,1.0,1.0453,486,Statcast,0.1507,0.052,0.0039,0.0321,0.0724,0.0089,0.2615,0.4486,0.2804,0.2709,0.0972,0.0956,0.0152,1.0,Yes,5.02,3.06,8.37,13.68,3.83,0.0,Raw (calibration off),75.3,75.3,67.4,56.5,56.5,52.5,41.5,41.5,38.8,31.6,31.6,27.6,24.3,24.3,20.7,19.1,19.1,16.7,15.5,15.5,12.1,11.3,11.3,8.8,7.6,7.6,6.4,8.0,8.0,7.5,7.0,6.0,5.0,4.5,4.0,3.5,3.0,2.5,1.0,0.0,0.0,0.0,0.0,0.0,0.0,0.0,0.0,0.0,0.0,0.0,0.0,0.0,0.0,0.0,Low
13,2026-07-16,Jorge Polanco,NYM,PHI,NYM @ PHI,AWAY,DH,6.65,6.1,6.1,5.21,4.28,5.17,6.39,5.17,0.809,1.2,3.4,3.2,0|0|3|0|3,0|0|3|0|3|11|0|3|0|14,0|0|3|0|3|11|0|3|0|14|0|6|8|0|0,81.5,74.3,73.8,62.5,57.7,56.7,44.4,43.9,40.7,33.0,32.5,27.1,22.9,22.9,19.4,19.4,17.7,15.4,15.4,14.5,11.1,11.1,10.5,10.5,8.3,7.2,7.2,153.31,C,MORE 4.0 | 62.5% | Edge +2.1,MORE,4.0,62.5,2.1,25.0,Good,6,Today Posted,6,5,4,5-5-6-6,50.0,100.0,4.32,Regular,12,1.04,Aaron Nola,R,5.61,1.42,0.2523,0.0477,0.0727,4.22,1.31,0.2303,0.0313,Citizens Bank Park,1.04,1.065,92.7,10.2,213,9,"hot, light wind",81,75,0.173,0.235,0.267,0.502,57,0.627,13,4,0,1,4,3,6,0,0,2026-07-16 @ Philadelphia Phillies: 0 FS|2026-07-12 vs Boston Red Sox: 0 FS|2026-07-11 vs Boston Red Sox: 3 FS|2026-07-10 vs Boston Red Sox: 0 FS|2026-07-08 vs Kansas City Royals: 3 FS,2026-07-16 @ Philadelphia Phillies: 0 FS|2026-07-12 vs Boston Red Sox: 0 FS|2026-07-11 vs Boston Red Sox: 3 FS|2026-07-10 vs Boston Red Sox: 0 FS|2026-07-08 vs Kansas City Royals: 3 FS|2026-07-07 vs Kansas City Royals: 11 FS|2026-04-14 @ Los Angeles Dodgers: 0 FS|2026-04-13 @ Los Angeles Dodgers: 3 FS|2026-04-12 vs Athletics: 0 FS|2026-04-11 vs Athletics: 14 FS,2026-07-16 @ Philadelphia Phillies: 0 FS|2026-07-12 vs Boston Red Sox: 0 FS|2026-07-11 vs Boston Red Sox: 3 FS|2026-07-10 vs Boston Red Sox: 0 FS|2026-07-08 vs Kansas City Royals: 3 FS|2026-07-07 vs Kansas City Royals: 11 FS|2026-04-14 @ Los Angeles Dodgers: 0 FS|2026-04-13 @ Los Angeles Dodgers: 3 FS|2026-04-12 vs Athletics: 0 FS|2026-04-11 vs Athletics: 14 FS|2026-04-08 vs Arizona Diamondbacks: 0 FS|2026-04-07 vs Arizona Diamondbacks: 6 FS|2026-04-05 @ San Francisco Giants: 8 FS|2026-04-04 @ San Francisco Giants: 0 FS|2026-04-02 @ San Francisco Giants: 0 FS,15,20,4.0,3.0,Last 20 games + shrinkage,2.43,3.43,0.173,Cold,4.0,0.906,0.1698,0.0566,0.0189,0.0189,0.0,6.76,6.2,6.42,6.77,6.97,28.0,16.0,20.0,16.0,20.0,28,76.86,10.71,0.0,14.29,0.223,0.82,1.0,1.0,1.0,0.8929,57,Statcast,0.136,0.0464,0.0037,0.0285,0.0674,0.0077,0.2009,0.5,0.3334,0.1666,0.0955,0.0966,0.0102,1.0,Yes,5.17,1.16,8.45,14.11,4.07,0.0,Raw (calibration off),73.5,66.3,66.3,55.5,51.7,51.7,39.9,39.9,37.2,30.0,30.0,26.1,22.9,22.9,19.4,19.4,17.7,15.4,15.4,14.5,11.1,11.1,10.5,10.5,8.3,7.2,7.2,8.0,8.0,7.5,7.0,6.0,5.0,4.5,4.0,3.5,3.0,2.5,1.0,0.0,0.0,0.0,0.0,0.0,0.0,0.0,0.0,0.0,0.0,0.0,0.0,0.0,0.0,0.0,Low
14,2026-07-16,Bryson Stott,PHI,NYM,NYM @ PHI,HOME,2B,6.69,5.32,5.32,3.16,5.03,5.41,5.82,5.41,0.93,6.0,6.2,6.07,0|10|13|2|5,0|10|13|2|5|4|0|8|15|5,0|10|13|2|5|4|0|8|15|5|3|8|10|5|3,68.8,68.8,57.4,56.9,51.1,50.1,39.2,35.7,35.2,28.3,27.8,23.1,22.1,18.7,18.7,15.3,15.3,13.9,13.9,12.2,11.2,11.2,8.5,8.5,7.9,7.9,5.9,150.24,D,MORE 3.0 | 68.8% | Edge +2.3,MORE,3.0,68.8,2.32,37.6,Good,6,Today Posted,6,6,7,9-6-6-6-4-7-7,42.9,100.0,4.4,Regular,13,1.04,Christian Scott,R,2.98,1.26,0.1878,0.0286,0.1061,4.25,1.31,0.2097,0.0285,Citizens Bank Park,1.04,1.065,92.7,10.2,213,9,"hot, light wind",354,322,0.248,0.307,0.391,0.698,277,0.682,80,17,4,7,37,42,26,2,17,2026-07-16 vs New York Mets: 0 FS|2026-07-12 @ Detroit Tigers: 10 FS|2026-07-11 @ Detroit Tigers: 13 FS|2026-07-10 @ Detroit Tigers: 2 FS|2026-07-09 @ Cincinnati Reds: 5 FS,2026-07-16 vs New York Mets: 0 FS|2026-07-12 @ Detroit Tigers: 10 FS|2026-07-11 @ Detroit Tigers: 13 FS|2026-07-10 @ Detroit Tigers: 2 FS|2026-07-09 @ Cincinnati Reds: 5 FS|2026-07-08 @ Cincinnati Reds: 4 FS|2026-07-07 @ Cincinnati Reds: 0 FS|2026-07-06 @ Kansas City Royals: 8 FS|2026-07-05 @ Kansas City Royals: 15 FS|2026-07-04 @ Kansas City Royals: 5 FS,2026-07-16 vs New York Mets: 0 FS|2026-07-12 @ Detroit Tigers: 10 FS|2026-07-11 @ Detroit Tigers: 13 FS|2026-07-10 @ Detroit Tigers: 2 FS|2026-07-09 @ Cincinnati Reds: 5 FS|2026-07-08 @ Cincinnati Reds: 4 FS|2026-07-07 @ Cincinnati Reds: 0 FS|2026-07-06 @ Kansas City Royals: 8 FS|2026-07-05 @ Kansas City Royals: 15 FS|2026-07-04 @ Kansas City Royals: 5 FS|2026-07-02 vs Pittsburgh Pirates: 3 FS|2026-07-01 vs Pittsburgh Pirates: 8 FS|2026-06-30 vs Pittsburgh Pirates: 10 FS|2026-06-29 vs Pittsburgh Pirates: 5 FS|2026-06-28 @ New York Mets: 3 FS,15,30,7.63,6.5,Last 30 games + shrinkage,4.86,6.29,0.314,Hot,7.63,1.571,0.2857,0.0536,0.0,0.0714,0.0179,7.05,7.16,6.6,6.58,6.02,28.0,16.0,20.0,16.0,20.0,281,83.71,23.84,1.42,29.18,0.365,0.9053,1.0,1.0,1.0,1.01,532,Statcast,0.1198,0.04,0.0058,0.0207,0.0946,0.0104,0.2106,0.4317,0.331,0.2374,0.096,0.1051,0.0194,1.0,Yes,5.41,0.37,7.81,13.39,3.95,0.0,Raw (calibration off),60.8,60.8,49.9,49.9,45.1,45.1,34.7,31.7,31.7,25.3,25.3,22.1,22.1,18.7,18.7,15.3,15.3,13.9,13.9,12.2,11.2,11.2,8.5,8.5,7.9,7.9,5.9,8.0,8.0,7.5,7.0,6.0,5.0,4.5,4.0,3.5,3.0,2.5,1.0,0.0,0.0,0.0,0.0,0.0,0.0,0.0,0.0,0.0,0.0,0.0,0.0,0.0,0.0,0.0,Pass
15,2026-07-16,J.T. Realmuto,PHI,NYM,NYM @ PHI,HOME,C,6.36,5.34,5.34,2.78,6.71,6.45,6.15,6.36,1.049,10.0,7.5,6.87,3|20|11|0|16,3|20|11|0|16|0|3|16|2|4,3|20|11|0|16|0|3|16|2|4|7|3|5|9|4,66.4,56.5,56.0,50.4,49.4,38.1,37.6,34.5,34.0,26.7,26.2,24.7,21.2,21.2,18.2,18.2,16.1,16.1,14.7,14.7,13.2,13.2,12.7,12.7,9.9,9.9,9.4,150.12,D,MORE 2.5 | 66.4% | Edge +2.8,MORE,2.5,66.4,2.84,32.8,Good,7,Today Posted,7,8,6,8-7-8-8-6-8,66.7,100.0,4.11,Regular,13,1.04,Christian Scott,R,2.98,1.26,0.1878,0.0286,0.1061,4.25,1.31,0.2097,0.0285,Citizens Bank Park,1.04,1.065,92.7,10.2,213,9,"hot, light wind",258,229,0.21,0.291,0.349,0.64,190,0.657,48,11,0,7,27,33,19,8,3,2026-07-16 vs New York Mets: 3 FS|2026-07-12 @ Detroit Tigers: 20 FS|2026-07-11 @ Detroit Tigers: 11 FS|2026-07-09 @ Cincinnati Reds: 0 FS|2026-07-08 @ Cincinnati Reds: 16 FS,2026-07-16 vs New York Mets: 3 FS|2026-07-12 @ Detroit Tigers: 20 FS|2026-07-11 @ Detroit Tigers: 11 FS|2026-07-09 @ Cincinnati Reds: 0 FS|2026-07-08 @ Cincinnati Reds: 16 FS|2026-07-07 @ Cincinnati Reds: 0 FS|2026-07-06 @ Kansas City Royals: 3 FS|2026-07-04 @ Kansas City Royals: 16 FS|2026-07-01 vs Pittsburgh Pirates: 2 FS|2026-06-30 vs Pittsburgh Pirates: 4 FS,2026-07-16 vs New York Mets: 3 FS|2026-07-12 @ Detroit Tigers: 20 FS|2026-07-11 @ Detroit Tigers: 11 FS|2026-07-09 @ Cincinnati Reds: 0 FS|2026-07-08 @ Cincinnati Reds: 16 FS|2026-07-07 @ Cincinnati Reds: 0 FS|2026-07-06 @ Kansas City Royals: 3 FS|2026-07-04 @ Kansas City Royals: 16 FS|2026-07-01 vs Pittsburgh Pirates: 2 FS|2026-06-30 vs Pittsburgh Pirates: 4 FS|2026-06-29 vs Pittsburgh Pirates: 7 FS|2026-06-28 @ New York Mets: 3 FS|2026-06-26 @ New York Mets: 5 FS|2026-06-25 @ Washington Nationals: 9 FS|2026-06-24 @ Washington Nationals: 4 FS,15,30,7.5,4.5,Last 30 games + shrinkage,7.57,7.07,0.234,Neutral,7.5,1.904,0.2115,0.1154,0.0385,0.0385,0.0,6.1,6.85,6.57,6.75,5.79,28.0,16.0,20.0,16.0,20.0,189,84.76,23.28,1.59,28.57,0.376,0.9256,1.0,1.0,1.0,0.9798,335,Statcast,0.0994,0.0432,0.0025,0.029,0.093,0.0214,0.2293,0.4361,0.2766,0.2873,0.0961,0.1231,0.0112,1.0,Yes,6.36,0.0,6.98,14.32,3.83,0.0,Raw (calibration off),58.4,48.5,48.5,43.4,43.4,33.1,33.1,30.5,30.5,23.7,23.7,23.7,21.2,21.2,18.2,18.2,16.1,16.1,14.7,14.7,13.2,13.2,12.7,12.7,9.9,9.9,9.4,8.0,8.0,7.5,7.0,6.0,5.0,4.5,4.0,3.5,3.0,2.5,1.0,0.0,0.0,0.0,0.0,0.0,0.0,0.0,0.0,0.0,0.0,0.0,0.0,0.0,0.0,0.0,Pass
16,2026-07-16,Alec Bohm,PHI,NYM,NYM @ PHI,HOME,3B,6.61,5.35,5.35,2.61,6.98,6.63,6.08,6.47,1.09,1.8,4.8,6.13,0|5|0|2|2,0|5|0|2|2|5|2|7|2|23,0|5|0|2|2|5|2|7|2|23|5|20|5|0|14,67.1,57.2,56.7,50.4,49.4,38.2,37.7,34.3,33.8,27.2,26.7,25.2,21.2,21.2,18.1,18.1,15.9,15.9,14.4,14.4,12.9,12.9,12.9,12.2,12.2,9.3,9.3,149.44,D,MORE 2.5 | 67.1% | Edge +2.8,MORE,2.5,67.1,2.85,34.2,Good,5,Today Posted,5,5,7,4-5-5-5-5-4-4,57.1,100.0,4.61,Regular,13,1.04,Christian Scott,R,2.98,1.26,0.1878,0.0286,0.1061,4.25,1.31,0.2097,0.0285,Citizens Bank Park,1.04,1.065,92.7,10.2,213,9,"hot, light wind",376,341,0.214,0.277,0.352,0.629,258,0.644,73,14,0,11,31,47,25,6,1,2026-07-16 vs New York Mets: 0 FS|2026-07-12 @ Detroit Tigers: 5 FS|2026-07-11 @ Detroit Tigers: 0 FS|2026-07-10 @ Detroit Tigers: 2 FS|2026-07-09 @ Cincinnati Reds: 2 FS,2026-07-16 vs New York Mets: 0 FS|2026-07-12 @ Detroit Tigers: 5 FS|2026-07-11 @ Detroit Tigers: 0 FS|2026-07-10 @ Detroit Tigers: 2 FS|2026-07-09 @ Cincinnati Reds: 2 FS|2026-07-08 @ Cincinnati Reds: 5 FS|2026-07-07 @ Cincinnati Reds: 2 FS|2026-07-06 @ Kansas City Royals: 7 FS|2026-07-05 @ Kansas City Royals: 2 FS|2026-07-04 @ Kansas City Royals: 23 FS,2026-07-16 vs New York Mets: 0 FS|2026-07-12 @ Detroit Tigers: 5 FS|2026-07-11 @ Detroit Tigers: 0 FS|2026-07-10 @ Detroit Tigers: 2 FS|2026-07-09 @ Cincinnati Reds: 2 FS|2026-07-08 @ Cincinnati Reds: 5 FS|2026-07-07 @ Cincinnati Reds: 2 FS|2026-07-06 @ Kansas City Royals: 7 FS|2026-07-05 @ Kansas City Royals: 2 FS|2026-07-04 @ Kansas City Royals: 23 FS|2026-07-02 vs Pittsburgh Pirates: 5 FS|2026-07-01 vs Pittsburgh Pirates: 20 FS|2026-06-30 vs Pittsburgh Pirates: 5 FS|2026-06-29 vs Pittsburgh Pirates: 0 FS|2026-06-28 @ New York Mets: 14 FS,15,30,6.07,4.5,Last 30 games + shrinkage,2.29,5.57,0.154,Cold,6.07,1.322,0.1356,0.0847,0.0339,0.0678,0.0,6.72,6.87,6.79,6.36,6.26,28.0,16.0,20.0,16.0,20.0,299,84.48,25.08,1.67,32.78,0.346,0.9054,1.0,1.0,1.0,0.9836,443,Statcast,0.1008,0.0345,0.0023,0.0259,0.091,0.0204,0.1943,0.4901,0.2517,0.2582,0.0914,0.1171,0.0083,1.0,Yes,6.47,0.0,6.97,14.6,4.06,0.0,Raw (calibration off),59.1,49.2,49.2,43.4,43.4,33.2,33.2,30.3,30.3,24.2,24.2,24.2,21.2,21.2,18.1,18.1,15.9,15.9,14.4,14.4,12.9,12.9,12.9,12.2,12.2,9.3,9.3,8.0,8.0,7.5,7.0,6.0,5.0,4.5,4.0,3.5,3.0,2.5,1.0,0.0,0.0,0.0,0.0,0.0,0.0,0.0,0.0,0.0,0.0,0.0,0.0,0.0,0.0,0.0,Pass
17,2026-07-16,Justin Crawford,PHI,NYM,NYM @ PHI,HOME,CF,5.04,4.5,4.5,2.38,6.02,6.01,5.12,5.7,1.175,8.0,7.0,6.6,0|5|22|13|0,0|5|22|13|0|3|3|0|5|19,0|5|22|13|0|3|3|0|5|19|13|5|3|0|8,52.7,52.7,52.2,47.6,46.6,33.9,33.4,29.8,29.3,28.8,22.0,20.5,16.1,16.1,14.0,14.0,14.0,11.1,11.1,10.1,10.1,8.4,8.4,8.4,7.6,7.6,5.5,129.09,F,LESS 5.0 | 66.1% | Edge +0.5,LESS,5.0,66.1,0.5,32.2,Playable,9,Today Posted,9,9,3,9-7-9,66.7,100.0,3.65,Likely regular,11,1.0,Christian Scott,R,2.98,1.26,0.1878,0.0286,0.1061,4.25,1.31,0.2097,0.0285,Citizens Bank Park,1.04,1.065,92.7,10.2,213,9,"hot, light wind",288,267,0.262,0.311,0.352,0.663,240,0.7,70,12,3,2,28,21,17,2,12,2026-07-16 vs New York Mets: 0 FS|2026-07-09 @ Cincinnati Reds: 5 FS|2026-07-08 @ Cincinnati Reds: 22 FS|2026-07-07 @ Cincinnati Reds: 13 FS|2026-07-06 @ Kansas City Royals: 0 FS,2026-07-16 vs New York Mets: 0 FS|2026-07-09 @ Cincinnati Reds: 5 FS|2026-07-08 @ Cincinnati Reds: 22 FS|2026-07-07 @ Cincinnati Reds: 13 FS|2026-07-06 @ Kansas City Royals: 0 FS|2026-07-05 @ Kansas City Royals: 3 FS|2026-07-04 @ Kansas City Royals: 3 FS|2026-07-02 vs Pittsburgh Pirates: 0 FS|2026-07-01 vs Pittsburgh Pirates: 5 FS|2026-06-30 vs Pittsburgh Pirates: 19 FS,2026-07-16 vs New York Mets: 0 FS|2026-07-09 @ Cincinnati Reds: 5 FS|2026-07-08 @ Cincinnati Reds: 22 FS|2026-07-07 @ Cincinnati Reds: 13 FS|2026-07-06 @ Kansas City Royals: 0 FS|2026-07-05 @ Kansas City Royals: 3 FS|2026-07-04 @ Kansas City Royals: 3 FS|2026-07-02 vs Pittsburgh Pirates: 0 FS|2026-07-01 vs Pittsburgh Pirates: 5 FS|2026-06-30 vs Pittsburgh Pirates: 19 FS|2026-06-29 vs Pittsburgh Pirates: 13 FS|2026-06-28 @ New York Mets: 5 FS|2026-06-27 @ New York Mets: 3 FS|2026-06-26 @ New York Mets: 0 FS|2026-06-25 @ Washington Nationals: 8 FS,15,30,5.3,3.0,Last 30 games + shrinkage,6.57,6.5,0.366,Hot,5.3,2.068,0.3409,0.0455,0.0,0.0227,0.0682,4.96,5.23,5.41,5.37,4.38,28.0,16.0,20.0,16.0,20.0,233,80.09,15.88,0.0,31.76,0.322,0.82,1.0,1.0,1.0,0.9398,352,Statcast,0.1372,0.0315,0.0056,0.0151,0.0827,0.0105,0.229,0.5339,0.18,0.2861,0.0838,0.0786,0.0213,1.0,Yes,5.7,0.0,7.08,12.95,3.54,0.0,Raw (calibration off),44.7,44.7,44.7,40.6,40.6,28.9,28.9,25.8,25.8,25.8,19.5,19.5,16.1,16.1,14.0,14.0,14.0,11.1,11.1,10.1,10.1,8.4,8.4,8.4,7.6,7.6,5.5,8.0,8.0,7.5,7.0,6.0,5.0,4.5,4.0,3.5,3.0,2.5,1.0,0.0,0.0,0.0,0.0,0.0,0.0,0.0,0.0,0.0,0.0,0.0,0.0,0.0,0.0,0.0,Pass
18,2026-07-16,Gabriel Rincones Jr.,PHI,NYM,NYM @ PHI,HOME,RF,4.84,4.46,4.46,2.9,5.22,5.59,5.44,5.54,1.028,1.8,5.2,4.13,0|0|0|2|7,0|0|0|2|7|3|7|21|0|12,0|0|0|2|7|3|7|21|0|12|5|0|0|0|5,61.0,50.3,49.8,44.5,43.5,33.1,32.6,29.6,29.1,28.6,22.3,20.8,17.1,17.1,14.4,14.4,12.1,12.1,11.0,11.0,9.9,9.9,9.2,9.2,6.6,6.6,6.3,117.97,F,MORE 2.5 | 61.0% | Edge +2.0,MORE,2.5,61.0,1.96,22.0,Playable,8,Today Posted,8,7,4,8-7-7-6,50.0,100.0,3.68,Likely regular,10,1.0,Christian Scott,R,2.98,1.26,0.1878,0.0286,0.1061,4.25,1.31,0.2097,0.0285,Citizens Bank Park,1.04,1.065,92.7,10.2,213,9,"hot, light wind",72,68,0.176,0.208,0.309,0.517,66,0.535,12,3,0,2,6,6,2,1,0,2026-07-16 vs New York Mets: 0 FS|2026-07-11 @ Detroit Tigers: 0 FS|2026-07-10 @ Detroit Tigers: 0 FS|2026-07-09 @ Cincinnati Reds: 2 FS|2026-07-08 @ Cincinnati Reds: 7 FS,2026-07-16 vs New York Mets: 0 FS|2026-07-11 @ Detroit Tigers: 0 FS|2026-07-10 @ Detroit Tigers: 0 FS|2026-07-09 @ Cincinnati Reds: 2 FS|2026-07-08 @ Cincinnati Reds: 7 FS|2026-07-06 @ Kansas City Royals: 3 FS|2026-07-05 @ Kansas City Royals: 7 FS|2026-07-04 @ Kansas City Royals: 21 FS|2026-07-02 vs Pittsburgh Pirates: 0 FS|2026-07-01 vs Pittsburgh Pirates: 12 FS,2026-07-16 vs New York Mets: 0 FS|2026-07-11 @ Detroit Tigers: 0 FS|2026-07-10 @ Detroit Tigers: 0 FS|2026-07-09 @ Cincinnati Reds: 2 FS|2026-07-08 @ Cincinnati Reds: 7 FS|2026-07-06 @ Kansas City Royals: 3 FS|2026-07-05 @ Kansas City Royals: 7 FS|2026-07-04 @ Kansas City Royals: 21 FS|2026-07-02 vs Pittsburgh Pirates: 0 FS|2026-07-01 vs Pittsburgh Pirates: 12 FS|2026-06-30 vs Pittsburgh Pirates: 5 FS|2026-06-29 vs Pittsburgh Pirates: 0 FS|2026-06-27 @ New York Mets: 0 FS|2026-06-25 @ Washington Nationals: 0 FS|2026-06-24 @ Washington Nationals: 5 FS,15,22,3.91,0.0,Last 22 games + shrinkage,2.71,4.07,0.2,Neutral,3.91,1.295,0.1818,0.0909,0.0227,0.0455,0.0,4.93,4.64,4.93,4.85,4.78,28.0,16.0,20.0,16.0,20.0,101,84.11,23.76,0.99,24.75,0.261,0.828,1.0,1.0,1.0,0.9443,158,Statcast,0.0994,0.0357,0.0028,0.022,0.0829,0.0149,0.2742,0.5,0.3095,0.1905,0.0878,0.0868,0.0104,1.0,Yes,5.54,0.0,7.01,12.15,3.69,0.0,Raw (calibration off),53.0,42.3,42.3,37.5,37.5,28.1,28.1,25.6,25.6,25.6,19.8,19.8,17.1,17.1,14.4,14.4,12.1,12.1,11.0,11.0,9.9,9.9,9.2,9.2,6.6,6.6,6.3,8.0,8.0,7.5,7.0,6.0,5.0,4.5,4.0,3.5,3.0,2.5,1.0,0.0,0.0,0.0,0.0,0.0,0.0,0.0,0.0,0.0,0.0,0.0,0.0,0.0,0.0,0.0,Pass
